week_date,R03,R06,flu_au_positives,flu_au_lagged,flu_eu_positives,R03_lag1,R03_lag4_avg,R06_lag1,trends_gripe_es_lag1,trends_resfriado_es_lag1,trends_paracetamol_es_lag1,temp_europe_lag12,humidity_europe_lag0,temp_eu,humidity_eu,trends_gripe_es,trends_flu_eu,trends_flu_composite,RSV,R03_lag4,R03_lag8,R03_lag26,R03_lag52,R03_roll4,R03_roll8,flu_au_lag26,flu_au_lag27,flu_au_lag28,flu_au_roll4_lag26,flu_au_roll8_lag26,flu_eu_lag1,flu_eu_lag2,temp_eu_lag2,temp_eu_lag4,temp_eu_lag8,temp_eu_roll4,trends_flu_eu_lag1,trends_composite_lag1,RSV_lag1,RSV_lag2,RSV_lag4,RSV_lag8,RSV_roll4,week_num,week_sin,week_cos,month_sin,month_cos,year_num
2014-02-02,29.0,12.0,19.0,81.0,2517.0,,26.25,,,44.0,28.000000000000004,0.7972972972972973,82.93050193050193,0.7509652509652511,82.49613899613898,14.000000000000002,9.0,17.333333333333332,1289.0,,,,,,,,,,,,,,,,,,,,,,,,,5.0,0.5680647467311558,0.8229838658936564,0.8660254037844386,0.5000000000000001,0
2014-02-09,31.0,6.0,31.0,104.0,2916.0,29.0,25.5,12.0,14.000000000000002,44.0,28.000000000000004,0.7972972972972973,82.97490347490348,0.7972972972972973,82.93050193050193,14.000000000000002,9.0,0.0,1112.0,,,,,29.0,29.0,,,,,,2517.0,,,,,0.7509652509652511,9.0,17.333333333333332,1289.0,,,,1289.0,6.0,0.6631226582407952,0.7485107481711011,0.8660254037844386,0.5000000000000001,0
2014-02-16,18.0,16.2,26.0,99.0,3092.0,31.0,28.0,6.0,14.000000000000002,38.0,25.0,0.7972972972972973,82.36679536679537,4.017181467181468,82.97490347490348,14.000000000000002,9.0,0.0,983.0,,,,,30.0,30.0,,,,,,2916.0,2517.0,0.7509652509652511,,,0.7741312741312742,9.0,0.0,1112.0,1289.0,,,1200.5,7.0,0.7485107481711011,0.6631226582407953,0.8660254037844386,0.5000000000000001,0
2014-02-23,35.0,7.0,16.0,128.0,3094.0,18.0,25.25,16.2,14.000000000000002,38.0,25.0,0.7972972972972973,81.92471042471043,5.577220077220077,82.36679536679537,14.000000000000002,9.0,0.0,891.0,,,,,26.0,26.0,,,,,,3092.0,2916.0,0.7972972972972973,,,1.8551480051480054,9.0,0.0,983.0,1112.0,,,1128.0,8.0,0.8229838658936564,0.5680647467311559,0.8660254037844386,0.5000000000000001,0
2014-03-02,16.0,10.1,33.0,159.0,2743.0,35.0,28.25,7.0,14.000000000000002,38.0,25.0,0.7972972972972973,81.76833976833976,6.696332046332047,81.92471042471043,5.0,12.0,14.0,751.0,29.0,,,,28.25,28.25,,,,,,3094.0,3092.0,4.017181467181468,0.7509652509652511,,2.7856660231660233,9.0,0.0,891.0,983.0,1289.0,,1068.75,9.0,0.8854560256532099,0.4647231720437686,1.0,6.123233995736766e-17,0
2014-03-09,16.0,9.2,21.0,116.0,2395.0,16.0,25.0,10.1,5.0,38.0,25.0,0.7972972972972973,77.59073359073359,5.655984555984555,81.76833976833976,5.0,12.0,0.0,608.0,31.0,,,,25.0,25.8,,,,,,2743.0,3094.0,5.577220077220077,0.7972972972972973,,4.272007722007722,12.0,14.0,751.0,891.0,1112.0,,934.25,10.0,0.9350162426854148,0.35460488704253557,1.0,6.123233995736766e-17,0
2014-03-16,36.0,19.0,21.0,140.0,2034.0,16.0,21.25,9.2,5.0,27.0,24.0,0.7972972972972973,72.1119691119691,6.9496138996139,77.59073359073359,5.0,12.0,0.0,542.0,18.0,,,,21.25,24.166666666666668,,,,,,2395.0,2743.0,6.696332046332047,4.017181467181468,,5.486679536679537,12.0,0.0,608.0,751.0,983.0,,808.25,11.0,0.970941817426052,0.23931566428755804,1.0,6.123233995736766e-17,0
2014-03-23,27.0,23.6,17.0,125.0,1616.0,36.0,25.75,19.0,5.0,27.0,24.0,0.7972972972972973,73.07142857142857,8.243822393822395,72.1119691119691,5.0,12.0,0.0,372.0,35.0,,,,25.75,25.857142857142858,,,,,,2034.0,2395.0,5.655984555984555,5.577220077220077,,6.219787644787645,12.0,0.0,542.0,608.0,891.0,,698.0,12.0,0.992708874098054,0.120536680255323,1.0,6.123233995736766e-17,0
2014-03-30,29.0,24.5,16.0,125.0,1158.0,27.0,23.75,23.6,5.0,27.0,24.0,0.7972972972972973,73.05405405405406,10.49054054054054,73.07142857142857,5.0,12.0,0.0,360.0,16.0,29.0,,,23.75,26.0,,,,,,1616.0,2034.0,6.9496138996139,6.696332046332047,0.7509652509652511,6.886438223938224,12.0,0.0,372.0,542.0,751.0,1289.0,568.25,13.0,1.0,-1.6081226496766366e-16,1.0,6.123233995736766e-17,0
2014-04-06,27.0,20.0,21.0,73.0,1039.0,29.0,27.0,24.5,5.0,27.0,24.0,0.7972972972972973,73.62162162162163,8.335521235521236,73.05405405405406,3.0,6.0,10.666666666666666,299.0,16.0,31.0,,,27.0,26.0,,,,,,1158.0,1616.0,8.243822393822395,5.655984555984555,0.7972972972972973,7.834990347490347,12.0,0.0,360.0,372.0,608.0,1112.0,470.5,14.0,0.992708874098054,-0.12053668025532288,0.8660254037844387,-0.4999999999999998,0
2014-04-13,22.0,20.3,19.0,82.0,847.0,27.0,29.75,20.0,3.0,27.0,24.0,0.7972972972972973,74.4015444015444,11.280501930501927,73.62162162162163,3.0,6.0,0.0,276.0,36.0,18.0,,,29.75,25.5,,,,,,1039.0,1158.0,10.49054054054054,6.9496138996139,4.017181467181468,8.504874517374517,6.0,10.666666666666666,299.0,360.0,542.0,983.0,393.25,15.0,0.9709418174260521,-0.2393156642875575,0.8660254037844387,-0.4999999999999998,0
2014-04-20,24.0,20.0,17.0,53.0,420.0,22.0,26.25,20.3,3.0,23.0,23.0,0.7972972972972973,67.97490347490347,11.873552123552123,74.4015444015444,3.0,6.0,0.0,207.0,27.0,35.0,,,26.25,26.0,,,,,,847.0,1039.0,8.335521235521236,8.243822393822395,5.577220077220077,9.587596525096524,6.0,0.0,276.0,299.0,372.0,891.0,326.75,16.0,0.9350162426854148,-0.35460488704253545,0.8660254037844387,-0.4999999999999998,0
2014-04-27,16.0,13.0,8.0,42.0,334.0,24.0,25.5,20.0,3.0,23.0,23.0,0.7972972972972973,77.37451737451737,11.23996138996139,67.97490347490347,3.0,6.0,0.0,177.0,29.0,16.0,,,25.5,24.625,,,,,,420.0,847.0,11.280501930501927,10.49054054054054,6.696332046332047,10.495028957528957,6.0,0.0,207.0,276.0,360.0,751.0,285.5,17.0,0.8854560256532099,-0.4647231720437685,0.8660254037844387,-0.4999999999999998,0
2014-05-04,24.0,13.9,9.0,47.0,217.0,16.0,22.25,13.0,3.0,23.0,23.0,4.017181467181468,72.08880308880309,13.641891891891891,77.37451737451737,2.0,6.0,9.0,116.0,27.0,16.0,,,22.25,24.625,,,,,,334.0,420.0,11.873552123552123,8.335521235521236,5.655984555984555,10.68238416988417,6.0,0.0,177.0,207.0,299.0,608.0,239.75,18.0,0.8229838658936565,-0.5680647467311557,0.49999999999999994,-0.8660254037844387,0
2014-05-11,15.0,36.0,16.0,32.0,210.0,24.0,21.5,13.9,2.0,23.0,23.0,5.577220077220077,69.39382239382239,12.567181467181468,72.08880308880309,2.0,6.0,0.0,60.0,22.0,36.0,,,21.5,25.625,,,,,,217.0,334.0,11.23996138996139,11.280501930501927,6.9496138996139,12.008976833976833,6.0,9.0,116.0,177.0,276.0,542.0,194.0,19.0,0.7485107481711013,-0.663122658240795,0.49999999999999994,-0.8660254037844387,0
2014-05-18,42.0,18.5,19.0,25.0,187.0,15.0,19.75,36.0,2.0,19.0,22.0,6.696332046332047,67.65250965250965,14.394787644787645,69.39382239382239,2.0,6.0,0.0,94.0,24.0,27.0,,,19.75,23.0,,,,,,210.0,217.0,13.641891891891891,11.873552123552123,8.243822393822395,12.330646718146719,6.0,0.0,60.0,116.0,207.0,372.0,140.0,20.0,0.6631226582407952,-0.7485107481711012,0.49999999999999994,-0.8660254037844387,0
2014-05-25,20.0,36.6,19.0,14.0,143.0,42.0,24.25,18.5,2.0,19.0,22.0,5.655984555984555,68.52316602316603,13.843050193050193,67.65250965250965,2.0,6.0,0.0,36.0,16.0,29.0,,,24.25,24.875,,,,,,187.0,210.0,12.567181467181468,11.23996138996139,10.49054054054054,12.960955598455598,6.0,0.0,94.0,60.0,177.0,360.0,111.75,21.0,0.5680647467311558,-0.8229838658936564,0.49999999999999994,-0.8660254037844387,0
2014-06-01,19.0,28.1,14.0,32.0,62.0,20.0,25.25,36.6,2.0,19.0,22.0,6.9496138996139,72.53281853281854,17.38069498069498,68.52316602316603,2.0,4.0,8.0,22.0,24.0,27.0,,,25.25,23.75,,,,,,143.0,187.0,14.394787644787645,13.641891891891891,8.335521235521236,13.611727799227799,6.0,0.0,36.0,94.0,116.0,299.0,76.5,22.0,0.46472317204376906,-0.8854560256532096,1.2246467991473532e-16,-1.0,0
2014-06-08,19.0,27.5,14.0,17.0,44.0,19.0,24.0,28.1,2.0,19.0,22.0,8.243822393822395,68.32239382239382,15.615444015444016,72.53281853281854,2.0,4.0,0.0,14.0,15.0,22.0,,,24.0,22.75,,,,,,62.0,143.0,13.843050193050193,12.567181467181468,11.280501930501927,14.54642857142857,4.0,8.0,22.0,36.0,60.0,276.0,53.0,23.0,0.35460488704253584,-0.9350162426854147,1.2246467991473532e-16,-1.0,0
2014-06-15,20.0,36.8,19.0,31.0,29.0,19.0,25.0,27.5,2.0,15.0,22.0,10.49054054054054,66.56756756756756,18.20849420849421,68.32239382239382,2.0,4.0,0.0,15.0,42.0,24.0,,,25.0,22.375,,,,,,44.0,62.0,17.38069498069498,14.394787644787645,11.873552123552123,15.308494208494208,4.0,0.0,14.0,22.0,94.0,207.0,41.5,24.0,0.23931566428755768,-0.970941817426052,1.2246467991473532e-16,-1.0,0
2014-06-22,11.0,24.0,23.0,8.0,27.0,20.0,19.5,36.8,2.0,15.0,22.0,8.335521235521236,66.85328185328186,20.475482625482623,66.56756756756756,2.0,4.0,0.0,9.0,20.0,16.0,,,19.5,21.875,,,,,,29.0,44.0,15.615444015444016,13.843050193050193,11.23996138996139,16.261920849420846,4.0,0.0,15.0,14.0,36.0,177.0,21.75,25.0,0.12053668025532308,-0.992708874098054,1.2246467991473532e-16,-1.0,0
2014-06-29,6.0,18.0,51.0,13.0,12.0,11.0,17.25,24.0,2.0,15.0,22.0,11.280501930501927,67.34749034749034,17.621814671814672,66.85328185328186,2.0,4.0,0.0,15.0,19.0,24.0,,,17.25,21.25,,,,,,27.0,29.0,18.20849420849421,17.38069498069498,13.641891891891891,17.920028957528956,4.0,0.0,9.0,15.0,22.0,116.0,15.0,26.0,-3.216245299353273e-16,-1.0,1.2246467991473532e-16,-1.0,0
2014-07-06,8.0,10.0,91.0,21.0,9.0,6.0,14.0,18.0,2.0,15.0,22.0,11.873552123552123,67.28957528957528,18.32644787644788,67.34749034749034,2.0,6.0,8.0,8.0,19.0,15.0,,,14.0,19.0,,,,,,12.0,27.0,20.475482625482623,15.615444015444016,12.567181467181468,17.98030888030888,4.0,0.0,15.0,9.0,14.0,60.0,13.25,27.0,-0.12053668025532283,-0.992708874098054,-0.4999999999999997,-0.8660254037844388,0
2014-07-13,27.0,16.2,125.0,23.0,5.0,8.0,11.25,10.0,2.0,15.0,22.0,11.23996138996139,72.31274131274131,19.612548262548263,67.28957528957528,2.0,6.0,0.0,5.0,20.0,42.0,,,11.25,18.125,,,,,,9.0,12.0,17.621814671814672,18.20849420849421,14.394787644787645,18.658059845559848,6.0,8.0,8.0,15.0,15.0,94.0,11.75,28.0,-0.23931566428755743,-0.9709418174260521,-0.4999999999999997,-0.8660254037844388,0
2014-07-20,12.0,14.4,184.0,25.0,8.0,27.0,13.0,16.2,2.0,20.0,26.0,13.641891891891891,66.07915057915058,19.92683397683398,72.31274131274131,2.0,6.0,0.0,7.0,11.0,20.0,,,13.0,16.25,,,,,,5.0,9.0,18.32644787644788,20.475482625482623,13.843050193050193,19.00907335907336,6.0,0.0,5.0,8.0,9.0,36.0,9.25,29.0,-0.3546048870425356,-0.9350162426854148,-0.4999999999999997,-0.8660254037844388,0
2014-07-27,8.0,16.0,188.0,26.0,7.0,12.0,13.25,14.4,2.0,20.0,26.0,12.567181467181468,66.95752895752896,22.815250965250964,66.07915057915058,2.0,6.0,0.0,1.0,6.0,19.0,,,13.25,15.25,,,,,,8.0,5.0,19.612548262548263,17.621814671814672,17.38069498069498,18.8719111969112,6.0,0.0,7.0,5.0,15.0,22.0,8.75,30.0,-0.46472317204376806,-0.8854560256532101,-0.4999999999999997,-0.8660254037844388,0
2014-08-03,11.0,16.5,217.0,19.0,11.0,8.0,13.75,16.0,2.0,20.0,26.0,14.394787644787645,68.92277992277992,22.69787644787645,66.95752895752896,2.0,6.0,8.333333333333334,5.0,8.0,19.0,29.0,,13.75,13.875,19.0,,,,,7.0,8.0,19.92683397683398,18.32644787644788,15.615444015444016,20.170270270270272,6.0,0.0,1.0,7.0,8.0,14.0,5.25,31.0,-0.5680647467311556,-0.8229838658936566,-0.8660254037844385,-0.5000000000000004,0
2014-08-10,3.0,16.9,277.0,31.0,2.0,11.0,14.5,16.5,2.0,20.0,26.0,13.843050193050193,67.92471042471043,22.387258687258687,68.92277992277992,2.0,6.0,0.0,2.0,27.0,20.0,31.0,,14.5,12.875,31.0,19.0,,19.0,19.0,11.0,7.0,22.815250965250964,19.612548262548263,18.20849420849421,21.263127413127414,6.0,8.333333333333334,5.0,1.0,5.0,15.0,4.5,32.0,-0.663122658240795,-0.7485107481711013,-0.8660254037844385,-0.5000000000000004,0
2014-08-17,3.0,23.6,268.0,26.0,7.0,3.0,8.5,16.9,2.0,36.0,26.0,17.38069498069498,66.53667953667954,22.08243243243243,67.92471042471043,2.0,6.0,0.0,8.0,12.0,11.0,18.0,,8.5,10.75,26.0,31.0,19.0,25.0,25.0,2.0,11.0,22.69787644787645,19.92683397683398,20.475482625482623,21.956805019305023,6.0,0.0,2.0,5.0,7.0,9.0,3.75,33.0,-0.7485107481711011,-0.6631226582407952,-0.8660254037844385,-0.5000000000000004,0
2014-08-24,14.0,11.3,320.0,16.0,11.0,3.0,6.25,23.6,2.0,36.0,26.0,15.615444015444016,65.3880308880309,20.151737451737453,66.53667953667954,2.0,6.0,0.0,7.0,8.0,6.0,35.0,,6.25,9.75,16.0,26.0,31.0,25.333333333333332,25.333333333333332,7.0,2.0,22.387258687258687,22.815250965250964,17.621814671814672,22.49570463320463,6.0,0.0,8.0,2.0,1.0,15.0,4.0,34.0,-0.8229838658936564,-0.5680647467311559,-0.8660254037844385,-0.5000000000000004,0
2014-08-31,12.0,15.0,271.0,33.0,4.0,14.0,7.75,11.3,2.0,36.0,26.0,18.20849420849421,69.88223938223939,18.26988416988417,65.3880308880309,2.0,6.0,0.0,5.0,11.0,8.0,16.0,,7.75,10.75,33.0,16.0,26.0,23.0,23.0,11.0,7.0,22.08243243243243,22.69787644787645,18.32644787644788,21.829826254826255,6.0,0.0,7.0,8.0,5.0,8.0,5.5,35.0,-0.8854560256532096,-0.4647231720437691,-0.8660254037844385,-0.5000000000000004,0
2014-09-07,9.0,18.6,217.0,21.0,7.0,12.0,8.0,15.0,2.0,36.0,26.0,20.475482625482623,68.56756756756756,19.10965250965251,69.88223938223939,3.0,5.0,9.333333333333334,5.0,3.0,27.0,16.0,,8.0,11.25,21.0,33.0,16.0,26.5,25.0,4.0,11.0,20.151737451737453,22.387258687258687,19.612548262548263,20.722828185328183,6.0,0.0,5.0,7.0,2.0,5.0,5.5,36.0,-0.9350162426854147,-0.3546048870425359,-1.0,-1.8369701987210297e-16,0
2014-09-14,28.0,10.2,187.0,21.0,17.0,9.0,9.5,18.6,3.0,36.0,26.0,17.621814671814672,71.01737451737452,19.611196911196917,68.56756756756756,3.0,5.0,0.0,6.0,3.0,12.0,36.0,,9.5,9.0,21.0,21.0,33.0,24.0,24.333333333333332,7.0,4.0,18.26988416988417,22.08243243243243,19.92683397683398,19.90342664092664,5.0,9.333333333333334,5.0,5.0,8.0,7.0,6.25,37.0,-0.970941817426052,-0.23931566428755774,-1.0,-1.8369701987210297e-16,0
2014-09-21,44.0,8.0,150.0,17.0,9.0,28.0,15.75,10.2,3.0,56.99999999999999,28.000000000000004,18.32644787644788,72.88223938223938,18.81814671814672,71.01737451737452,3.0,5.0,0.0,8.0,14.0,8.0,27.0,,15.75,11.0,17.0,21.0,21.0,22.75,23.857142857142858,17.0,7.0,19.10965250965251,20.151737451737453,22.815250965250964,19.28561776061776,5.0,0.0,6.0,5.0,7.0,1.0,5.75,38.0,-0.992708874098054,-0.12053668025532357,-1.0,-1.8369701987210297e-16,0
2014-09-28,2.0,16.0,110.0,16.0,8.0,44.0,23.25,8.0,3.0,56.99999999999999,28.000000000000004,19.612548262548263,73.7123552123552,18.66235521235521,72.88223938223938,3.0,5.0,0.0,65.0,12.0,11.0,29.0,,23.25,15.5,16.0,17.0,21.0,23.0,23.0,9.0,17.0,19.611196911196917,18.26988416988417,22.69787644787645,18.952220077220076,5.0,0.0,8.0,6.0,5.0,5.0,6.0,39.0,-1.0,-1.8369701987210297e-16,-1.0,-1.8369701987210297e-16,0
2014-10-05,81.0,14.0,72.0,21.0,17.0,2.0,20.75,16.0,3.0,56.99999999999999,28.000000000000004,19.92683397683398,77.26833976833977,15.077027027027029,73.7123552123552,11.0,13.0,17.333333333333332,63.0,9.0,3.0,27.0,,20.75,14.375,21.0,16.0,17.0,18.75,22.625,8.0,9.0,18.81814671814672,19.10965250965251,22.387258687258687,19.050337837837837,5.0,0.0,65.0,8.0,5.0,2.0,21.0,40.0,-0.992708874098054,0.1205366802553232,-0.8660254037844386,0.5000000000000001,0
2014-10-12,21.0,10.5,58.0,19.0,23.0,81.0,38.75,14.0,11.0,56.99999999999999,28.000000000000004,22.815250965250964,80.4092664092664,15.796332046332044,77.26833976833977,11.0,13.0,0.0,101.0,28.0,3.0,22.0,,38.75,24.125,19.0,21.0,16.0,18.75,21.375,17.0,8.0,18.66235521235521,19.611196911196917,22.08243243243243,18.04218146718147,13.0,17.333333333333332,63.0,65.0,6.0,8.0,35.5,41.0,-0.9709418174260521,0.23931566428755738,-0.8660254037844386,0.5000000000000001,0
2014-10-19,28.0,13.1875,29.0,17.0,25.0,21.0,37.0,10.5,11.0,48.0,28.000000000000004,22.69787644787645,82.82432432432434,15.254054054054055,80.4092664092664,11.0,13.0,0.0,185.0,44.0,14.0,24.0,,37.0,26.375,17.0,19.0,21.0,18.25,20.5,23.0,17.0,15.077027027027029,18.81814671814672,20.151737451737453,17.08846525096525,13.0,0.0,101.0,63.0,8.0,7.0,59.25,42.0,-0.9350162426854148,0.35460488704253557,-0.8660254037844386,0.5000000000000001,0
2014-10-26,30.0,10.0,28.0,8.0,58.0,28.0,33.0,13.1875,11.0,48.0,28.000000000000004,22.387258687258687,76.70270270270271,15.41872586872587,82.82432432432434,11.0,13.0,0.0,243.0,2.0,12.0,16.0,,33.0,28.125,8.0,17.0,19.0,18.25,20.625,25.0,23.0,15.796332046332044,18.66235521235521,18.26988416988417,16.197442084942082,13.0,0.0,185.0,101.0,65.0,5.0,103.5,43.0,-0.8854560256532101,0.464723172043768,-0.8660254037844386,0.5000000000000001,0
2014-11-02,39.0,7.0,24.0,9.0,18.0,30.0,40.0,10.0,11.0,48.0,28.000000000000004,22.08243243243243,82.29150579150578,12.0972972972973,76.70270270270271,6.0,10.0,15.333333333333334,336.0,81.0,9.0,24.0,,40.0,30.375,9.0,8.0,17.0,16.25,17.5,58.0,25.0,15.254054054054055,15.077027027027029,19.10965250965251,15.38653474903475,13.0,0.0,243.0,185.0,63.0,5.0,148.0,44.0,-0.822983865893657,0.5680647467311548,-0.5000000000000004,0.8660254037844384,0
2014-11-09,25.0,6.2,25.0,16.0,37.0,39.0,29.5,7.0,6.0,48.0,28.000000000000004,20.151737451737453,83.66795366795368,10.543436293436296,82.29150579150578,6.0,10.0,0.0,604.0,21.0,28.0,15.0,,29.5,34.125,16.0,9.0,8.0,13.25,16.0,18.0,58.0,15.41872586872587,15.796332046332044,19.611196911196917,14.641602316602317,10.0,15.333333333333334,336.0,243.0,101.0,6.0,216.25,45.0,-0.7485107481711011,0.6631226582407952,-0.5000000000000004,0.8660254037844384,0
2014-11-16,22.0,10.2,26.0,19.0,53.0,25.0,30.5,6.2,6.0,64.0,33.0,18.26988416988417,86.92084942084942,10.267181467181468,83.66795366795368,6.0,10.0,0.0,855.0,28.0,44.0,42.0,,30.5,33.75,19.0,16.0,9.0,12.5,15.375,37.0,18.0,12.0972972972973,15.254054054054055,18.81814671814672,13.328378378378382,10.0,0.0,604.0,336.0,185.0,8.0,342.0,46.0,-0.6631226582407955,0.7485107481711007,-0.5000000000000004,0.8660254037844384,0
2014-11-23,38.0,8.7,8.0,19.0,66.0,22.0,29.0,10.2,6.0,64.0,33.0,19.10965250965251,87.1969111969112,10.048262548262548,86.92084942084942,6.0,10.0,0.0,1198.0,30.0,2.0,20.0,,29.0,31.0,19.0,19.0,16.0,13.0,15.625,53.0,37.0,10.543436293436296,15.41872586872587,18.66235521235521,12.081660231660234,10.0,0.0,855.0,604.0,243.0,65.0,509.5,47.0,-0.5680647467311559,0.8229838658936564,-0.5000000000000004,0.8660254037844384,0
2014-11-30,20.0,18.1,6.0,14.0,130.0,38.0,31.0,8.7,6.0,64.0,33.0,19.61119691119692,84.33783783783784,7.7347490347490355,87.1969111969112,6.0,10.0,0.0,1447.0,39.0,81.0,19.0,,31.0,35.5,14.0,19.0,19.0,15.75,16.0,66.0,53.0,10.267181467181468,12.0972972972973,15.077027027027029,10.739044401544403,10.0,0.0,1198.0,855.0,336.0,63.0,748.25,48.0,-0.4647231720437684,0.88545602565321,-0.5000000000000004,0.8660254037844384,0
2014-12-07,40.0,9.4,12.0,14.0,151.0,20.0,26.25,18.1,6.0,64.0,33.0,18.81814671814672,84.16023166023167,5.998069498069498,84.33783783783784,7.000000000000001,10.0,19.0,1709.0,25.0,21.0,19.0,,26.25,27.875,14.0,14.0,19.0,17.0,15.125,130.0,66.0,10.048262548262548,10.543436293436296,15.796332046332044,9.648407335907336,10.0,0.0,1447.0,1198.0,604.0,101.0,1026.0,49.0,-0.35460488704253595,0.9350162426854147,-2.4492935982947064e-16,1.0,0
2014-12-14,21.0,3.0,15.0,19.0,264.0,40.0,30.0,9.4,7.000000000000001,64.0,33.0,18.66235521235521,86.05984555984557,3.4048262548262547,84.16023166023167,7.000000000000001,10.0,0.0,1849.0,22.0,28.0,20.0,,30.0,30.25,19.0,14.0,14.0,16.5,14.5,151.0,130.0,7.7347490347490355,10.267181467181468,15.254054054054055,8.512065637065637,10.0,19.0,1709.0,1447.0,855.0,185.0,1302.25,50.0,-0.2393156642875578,0.970941817426052,-2.4492935982947064e-16,1.0,0
2014-12-21,31.0,6.0,7.0,23.0,556.0,21.0,29.75,3.0,7.000000000000001,81.0,40.0,15.077027027027029,86.82625482625483,4.492664092664093,86.05984555984557,7.000000000000001,10.0,0.0,1862.0,38.0,30.0,11.0,,29.75,29.375,23.0,19.0,14.0,16.5,14.75,264.0,151.0,5.998069498069498,10.048262548262548,15.41872586872587,6.7964768339768336,10.0,0.0,1849.0,1709.0,1198.0,243.0,1550.75,51.0,-0.12053668025532363,0.992708874098054,-2.4492935982947064e-16,1.0,0
2014-12-28,54.0,12.0,14.0,51.0,574.0,31.0,28.0,6.0,7.000000000000001,81.0,40.0,15.796332046332044,81.78957528957528,6.560424710424711,86.82625482625483,7.000000000000001,10.0,0.0,1882.0,20.0,39.0,6.0,,28.0,29.5,51.0,23.0,19.0,17.5,16.625,556.0,264.0,3.4048262548262547,7.7347490347490355,12.0972972972973,5.40757722007722,10.0,0.0,1862.0,1849.0,1447.0,336.0,1716.75,52.0,6.432490598706546e-16,1.0,-2.4492935982947064e-16,1.0,0
2015-01-04,25.25,10.0,3.0,91.0,1068.0,54.0,36.5,12.0,7.000000000000001,81.0,40.0,15.254054054054055,79.5926640926641,4.67972972972973,81.78957528957528,20.0,14.000000000000002,29.333333333333332,1622.0,40.0,25.0,8.0,,36.5,31.375,91.0,51.0,23.0,26.75,21.875,574.0,556.0,4.492664092664093,5.998069498069498,10.543436293436296,5.113996138996139,10.0,0.0,1882.0,1862.0,1709.0,604.0,1825.5,1.0,0.12053668025532305,0.992708874098054,0.49999999999999994,0.8660254037844387,1
2015-01-11,39.0,10.0,20.0,125.0,2099.0,25.25,32.8125,10.0,20.0,81.0,40.0,15.41872586872587,82.8996138996139,1.1397683397683398,79.5926640926641,20.0,14.000000000000002,0.0,1387.0,21.0,22.0,27.0,,32.8125,31.40625,125.0,91.0,51.0,46.0,31.25,1068.0,574.0,6.560424710424711,3.4048262548262547,10.267181467181468,4.784411196911197,14.000000000000002,29.333333333333332,1622.0,1882.0,1849.0,855.0,1803.75,2.0,0.23931566428755774,0.970941817426052,0.49999999999999994,0.8660254037844387,1
2015-01-18,32.0,9.0,23.0,184.0,3245.0,39.0,37.3125,10.0,20.0,61.0,36.0,12.0972972972973,83.44787644787644,3.3162162162162163,82.8996138996139,20.0,14.000000000000002,0.0,1445.0,31.0,38.0,12.0,,37.3125,33.53125,184.0,125.0,91.0,72.5,44.5,2099.0,1068.0,4.67972972972973,4.492664092664093,10.048262548262548,4.218146718146718,14.000000000000002,0.0,1387.0,1622.0,1862.0,1198.0,1688.25,3.0,0.3546048870425356,0.9350162426854148,0.49999999999999994,0.8660254037844387,1
2015-01-25,58.0,8.0,18.0,188.0,4417.0,32.0,37.5625,9.0,20.0,61.0,36.0,10.543436293436296,85.72393822393823,4.744787644787644,83.44787644787644,20.0,14.000000000000002,0.0,1462.0,54.0,20.0,8.0,,37.5625,32.78125,188.0,184.0,125.0,112.75,65.125,3245.0,2099.0,1.1397683397683398,6.560424710424711,7.7347490347490355,3.9240347490347496,14.000000000000002,0.0,1445.0,1387.0,1882.0,1447.0,1584.0,4.0,0.4647231720437685,0.8854560256532099,0.49999999999999994,0.8660254037844387,1
2015-02-01,40.0,9.0,16.0,217.0,6016.0,58.0,38.5625,8.0,20.0,61.0,36.0,10.267181467181468,83.31467181467181,2.3144787644787645,85.72393822393823,18.0,15.0,26.666666666666668,1370.0,25.25,40.0,11.0,29.0,38.5625,37.53125,217.0,188.0,184.0,147.0,86.875,4417.0,3245.0,3.3162162162162163,4.67972972972973,5.998069498069498,3.470125482625482,14.000000000000002,0.0,1462.0,1445.0,1622.0,1709.0,1479.0,5.0,0.5680647467311558,0.8229838658936564,0.8660254037844386,0.5000000000000001,1
2015-02-08,36.0,11.0,24.0,277.0,7816.0,40.0,42.25,9.0,18.0,61.0,36.0,10.048262548262548,79.08880308880309,3.358301158301159,83.31467181467181,18.0,15.0,0.0,1444.0,39.0,21.0,3.0,31.0,42.25,37.53125,277.0,217.0,188.0,178.5,112.25,6016.0,4417.0,4.744787644787644,1.1397683397683398,3.4048262548262547,2.8788127413127413,15.0,26.666666666666668,1370.0,1462.0,1387.0,1849.0,1416.0,6.0,0.6631226582407952,0.7485107481711011,0.8660254037844386,0.5000000000000001,1
2015-02-15,65.0,13.0,22.0,268.0,9142.0,36.0,41.5,11.0,18.0,44.0,32.0,7.7347490347490355,83.27027027027027,1.17007722007722,79.08880308880309,18.0,15.0,0.0,1243.0,32.0,31.0,3.0,18.0,41.5,39.40625,268.0,277.0,217.0,216.5,144.5,7816.0,6016.0,2.3144787644787645,3.3162162162162163,4.492664092664093,3.433445945945946,15.0,0.0,1444.0,1370.0,1445.0,1862.0,1430.25,7.0,0.7485107481711011,0.6631226582407953,0.8660254037844386,0.5000000000000001,1
2015-02-22,69.0,14.0,30.0,320.0,9523.0,65.0,49.75,13.0,18.0,44.0,32.0,5.998069498069498,76.88223938223938,3.195173745173745,83.27027027027027,18.0,15.0,0.0,1167.0,58.0,54.0,14.0,35.0,49.75,43.65625,320.0,268.0,277.0,237.5,175.125,9142.0,7816.0,3.358301158301159,4.744787644787644,6.560424710424711,2.896911196911197,15.0,0.0,1243.0,1444.0,1462.0,1882.0,1379.75,8.0,0.8229838658936564,0.5680647467311559,0.8660254037844386,0.5000000000000001,1
2015-03-01,38.0,12.0,20.0,271.0,8094.0,69.0,52.5,14.0,18.0,44.0,32.0,3.4048262548262547,81.97683397683397,3.822200772200772,76.88223938223938,7.000000000000001,10.0,17.333333333333332,949.0,40.0,25.25,12.0,16.0,52.5,45.53125,271.0,320.0,268.0,270.5,208.75,9523.0,9142.0,1.17007722007722,2.3144787644787645,4.67972972972973,2.509507722007722,15.0,0.0,1167.0,1243.0,1370.0,1622.0,1306.0,9.0,0.8854560256532099,0.4647231720437686,1.0,6.123233995736766e-17,1
2015-03-08,17.0,10.0,22.0,217.0,5830.0,38.0,52.0,12.0,7.000000000000001,44.0,32.0,4.492664092664093,74.47104247104247,6.212741312741313,81.97683397683397,7.000000000000001,10.0,0.0,728.0,36.0,39.0,9.0,16.0,52.0,47.125,217.0,271.0,320.0,284.0,231.25,8094.0,9523.0,3.195173745173745,3.358301158301159,1.1397683397683398,2.886438223938224,10.0,17.333333333333332,949.0,1167.0,1444.0,1387.0,1200.75,10.0,0.9350162426854148,0.35460488704253557,1.0,6.123233995736766e-17,1
2015-03-15,35.0,13.0,20.0,187.0,4490.0,17.0,47.25,10.0,7.000000000000001,34.0,29.0,6.560424710424711,74.8899613899614,6.13030888030888,74.47104247104247,7.000000000000001,10.0,0.0,632.0,65.0,32.0,28.0,36.0,47.25,44.375,187.0,217.0,271.0,269.0,242.75,5830.0,8094.0,3.822200772200772,1.17007722007722,3.3162162162162163,3.6000482625482624,10.0,0.0,728.0,949.0,1243.0,1445.0,1021.75,11.0,0.970941817426052,0.23931566428755804,1.0,6.123233995736766e-17,1
2015-03-22,58.0,6.0,19.0,150.0,3245.0,35.0,39.75,13.0,7.000000000000001,34.0,29.0,4.67972972972973,72.94980694980696,6.782818532818532,74.8899613899614,7.000000000000001,10.0,0.0,458.0,69.0,58.0,44.0,27.0,39.75,44.75,150.0,187.0,217.0,248.75,243.125,4490.0,5830.0,6.212741312741313,3.195173745173745,4.744787644787644,4.840106177606177,10.0,0.0,632.0,728.0,1167.0,1462.0,869.0,12.0,0.992708874098054,0.120536680255323,1.0,6.123233995736766e-17,1
2015-03-29,58.0,17.0,28.0,110.0,2503.0,58.0,37.0,6.0,7.000000000000001,34.0,29.0,1.1397683397683398,78.05791505791505,6.778764478764479,72.94980694980696,7.000000000000001,10.0,0.0,403.0,38.0,40.0,2.0,29.0,37.0,44.75,110.0,150.0,187.0,206.25,238.375,3245.0,4490.0,6.13030888030888,3.822200772200772,2.3144787644787645,5.737017374517375,10.0,0.0,458.0,632.0,949.0,1370.0,691.75,13.0,1.0,-1.6081226496766366e-16,1.0,6.123233995736766e-17,1
2015-04-05,15.0,21.0,37.0,72.0,1729.0,58.0,42.0,17.0,7.000000000000001,34.0,29.0,3.3162162162162163,71.16023166023166,8.207335907335906,78.05791505791505,3.0,8.0,14.333333333333334,254.0,17.0,36.0,81.0,27.0,42.0,47.0,72.0,110.0,150.0,166.0,225.0,2503.0,3245.0,6.782818532818532,6.212741312741313,3.358301158301159,6.476158301158302,10.0,0.0,403.0,458.0,728.0,1444.0,555.25,14.0,0.992708874098054,-0.12053668025532288,0.8660254037844387,-0.4999999999999998,1
2015-04-12,40.0,19.0,22.0,58.0,1418.0,15.0,41.5,21.0,3.0,34.0,29.0,4.744787644787644,68.83976833976834,8.222586872586872,71.16023166023166,3.0,8.0,0.0,217.0,35.0,65.0,21.0,22.0,41.5,44.375,58.0,72.0,110.0,129.75,199.375,1729.0,2503.0,6.778764478764479,6.13030888030888,1.17007722007722,6.974806949806949,8.0,14.333333333333334,254.0,403.0,632.0,1243.0,436.75,15.0,0.9709418174260521,-0.2393156642875575,0.8660254037844387,-0.4999999999999998,1
2015-04-19,19.0,26.0,25.0,29.0,902.0,40.0,42.75,19.0,3.0,27.0,27.0,2.3144787644787645,67.84555984555985,9.45135135135135,68.83976833976834,3.0,8.0,0.0,122.0,58.0,69.0,28.0,24.0,42.75,41.25,29.0,58.0,72.0,97.5,173.125,1418.0,1729.0,8.207335907335906,6.782818532818532,3.195173745173745,7.497876447876448,8.0,0.0,217.0,254.0,458.0,1167.0,333.0,16.0,0.9350162426854148,-0.35460488704253545,0.8660254037844387,-0.4999999999999998,1
2015-04-26,6.0,24.0,39.0,28.0,665.0,19.0,33.0,26.0,3.0,27.0,27.0,3.358301158301159,68.57915057915058,11.534942084942086,67.84555984555985,3.0,8.0,0.0,88.0,58.0,38.0,30.0,16.0,33.0,35.0,28.0,29.0,58.0,67.25,136.75,902.0,1418.0,8.222586872586872,6.778764478764479,3.822200772200772,8.165009652509651,8.0,0.0,122.0,217.0,403.0,949.0,249.0,17.0,0.8854560256532099,-0.4647231720437685,0.8660254037844387,-0.4999999999999998,1
2015-05-03,20.0,41.7,41.0,24.0,418.0,6.0,20.0,24.0,3.0,27.0,27.0,1.17007722007722,72.75289575289575,12.512355212355214,68.57915057915058,2.0,9.0,13.0,94.0,15.0,17.0,39.0,24.0,20.0,31.0,24.0,28.0,29.0,46.75,106.375,665.0,902.0,9.45135135135135,8.207335907335906,6.212741312741313,9.354054054054053,8.0,0.0,88.0,122.0,254.0,728.0,170.25,18.0,0.8229838658936565,-0.5680647467311557,0.49999999999999994,-0.8660254037844387,1
2015-05-10,26.0,38.8,25.0,25.0,379.0,20.0,21.25,41.7,2.0,27.0,27.0,3.195173745173745,67.77413127413128,12.224710424710423,72.75289575289575,2.0,9.0,0.0,70.0,40.0,35.0,25.0,15.0,21.25,31.375,25.0,24.0,28.0,34.75,82.25,418.0,665.0,11.534942084942086,8.222586872586872,6.13030888030888,10.430308880308882,9.0,13.0,94.0,88.0,217.0,632.0,130.25,19.0,0.7485107481711013,-0.663122658240795,0.49999999999999994,-0.8660254037844387,1
2015-05-17,12.0,36.7,42.0,26.0,195.0,26.0,17.75,38.8,2.0,19.0,26.0,3.822200772200772,64.25482625482626,15.95019305019305,67.77413127413128,2.0,9.0,0.0,38.0,19.0,58.0,22.0,42.0,17.75,30.25,26.0,25.0,24.0,26.5,62.0,379.0,418.0,12.512355212355214,9.45135135135135,6.782818532818532,11.43083976833977,9.0,0.0,70.0,94.0,122.0,458.0,93.5,20.0,0.6631226582407952,-0.7485107481711012,0.49999999999999994,-0.8660254037844387,1
2015-05-24,10.0,29.8,47.0,8.0,155.0,12.0,16.0,36.7,2.0,19.0,26.0,6.212741312741313,64.60810810810811,15.553861003861003,64.25482625482626,2.0,9.0,0.0,24.0,6.0,58.0,38.0,20.0,16.0,24.5,8.0,26.0,25.0,25.75,46.5,195.0,379.0,12.224710424710423,11.534942084942086,6.778764478764479,13.055550193050195,9.0,0.0,38.0,70.0,88.0,403.0,72.5,21.0,0.5680647467311558,-0.8229838658936564,0.49999999999999994,-0.8660254037844387,1
2015-05-31,51.0,38.5,41.0,6.0,94.0,10.0,17.0,29.8,2.0,19.0,26.0,6.13030888030888,64.55984555984556,15.07934362934363,64.60810810810811,2.0,9.0,0.0,17.0,20.0,15.0,20.0,19.0,17.0,18.5,6.0,8.0,26.0,20.75,33.75,155.0,195.0,15.95019305019305,12.512355212355214,8.207335907335906,14.060279922779923,9.0,0.0,24.0,38.0,94.0,254.0,56.5,22.0,0.46472317204376906,-0.8854560256532096,0.49999999999999994,-0.8660254037844387,1
2015-06-07,53.0,28.0,63.0,12.0,73.0,51.0,24.75,38.5,2.0,19.0,26.0,6.782818532818532,57.18146718146718,15.743629343629342,64.55984555984556,2.0,6.0,10.333333333333334,27.0,26.0,40.0,40.0,19.0,24.75,23.0,12.0,6.0,8.0,16.25,25.5,94.0,155.0,15.553861003861003,12.224710424710423,8.222586872586872,14.702027027027025,9.0,0.0,17.0,24.0,70.0,217.0,37.25,23.0,0.35460488704253584,-0.9350162426854147,1.2246467991473532e-16,-1.0,1
2015-06-14,26.0,27.6,71.0,15.0,58.0,53.0,31.5,28.0,2.0,19.0,26.0,6.778764478764479,59.73745173745174,19.724517374517376,57.18146718146718,2.0,6.0,0.0,11.0,12.0,19.0,21.0,20.0,31.5,24.625,15.0,12.0,6.0,13.0,19.75,73.0,94.0,15.07934362934363,15.95019305019305,9.45135135135135,15.581756756756755,6.0,10.333333333333334,27.0,17.0,38.0,122.0,26.5,24.0,0.23931566428755768,-0.970941817426052,1.2246467991473532e-16,-1.0,1
2015-06-21,83.0,34.9,72.0,7.0,39.0,26.0,35.0,27.6,2.0,15.0,25.0,8.207335907335906,64.16602316602317,19.55135135135135,59.73745173745174,2.0,6.0,0.0,15.0,10.0,6.0,31.0,11.0,35.0,25.5,7.0,15.0,12.0,10.25,18.0,58.0,73.0,15.743629343629342,15.553861003861003,11.534942084942086,16.52533783783784,6.0,0.0,11.0,27.0,24.0,88.0,19.75,25.0,0.12053668025532308,-0.992708874098054,1.2246467991473532e-16,-1.0,1
2015-06-28,18.0,28.0,82.0,14.0,30.0,83.0,53.25,34.9,2.0,15.0,25.0,8.222586872586872,63.849420849420845,17.582818532818532,64.16602316602317,2.0,6.0,0.0,9.0,51.0,20.0,54.0,6.0,53.25,35.125,14.0,7.0,15.0,10.0,15.375,39.0,58.0,19.724517374517376,15.07934362934363,12.512355212355214,17.524710424710424,6.0,0.0,15.0,11.0,17.0,94.0,17.5,26.0,-3.216245299353273e-16,-1.0,1.2246467991473532e-16,-1.0,1
2015-07-05,35.0,30.3,146.0,3.0,24.0,18.0,45.0,28.0,2.0,15.0,25.0,9.45135135135135,56.38996138996139,19.403088803088803,63.849420849420845,1.0,6.0,8.666666666666666,20.0,53.0,26.0,25.25,8.0,45.0,34.875,3.0,14.0,7.0,12.0,14.125,30.0,39.0,19.55135135135135,15.743629343629342,12.224710424710423,18.15057915057915,6.0,0.0,9.0,15.0,27.0,70.0,15.5,27.0,-0.12053668025532283,-0.992708874098054,-0.4999999999999997,-0.8660254037844388,1
2015-07-12,21.0,40.5,130.0,20.0,12.0,35.0,40.5,30.3,1.0,15.0,25.0,11.534942084942086,56.23745173745174,24.357335907335905,56.38996138996139,1.0,6.0,0.0,21.0,26.0,12.0,39.0,27.0,40.5,36.0,20.0,3.0,14.0,9.75,11.375,24.0,30.0,17.582818532818532,19.724517374517376,15.95019305019305,19.065444015444015,6.0,8.666666666666666,20.0,9.0,11.0,38.0,13.75,28.0,-0.23931566428755743,-0.9709418174260521,-0.4999999999999997,-0.8660254037844388,1
2015-07-19,7.0,26.3,132.0,23.0,7.0,21.0,39.25,40.5,1.0,22.0,27.0,12.512355212355214,61.58301158301158,22.41814671814672,56.23745173745174,1.0,6.0,0.0,13.0,83.0,10.0,32.0,12.0,39.25,37.125,23.0,20.0,3.0,11.0,10.625,12.0,24.0,19.403088803088803,19.55135135135135,15.553861003861003,20.22364864864865,6.0,0.0,21.0,20.0,15.0,24.0,16.25,29.0,-0.3546048870425356,-0.9350162426854148,-0.4999999999999997,-0.8660254037844388,1
2015-07-26,7.0,25.0,155.0,18.0,16.0,7.0,20.25,26.3,1.0,22.0,27.0,12.224710424710423,59.0096525096525,23.323745173745174,61.58301158301158,1.0,6.0,0.0,6.0,18.0,51.0,58.0,8.0,20.25,36.75,18.0,23.0,20.0,15.0,12.5,7.0,12.0,24.357335907335905,17.582818532818532,15.07934362934363,20.94034749034749,6.0,0.0,13.0,21.0,9.0,17.0,15.75,30.0,-0.46472317204376806,-0.8854560256532101,-0.4999999999999997,-0.8660254037844388,1
2015-08-02,3.0,19.5,154.0,16.0,12.0,7.0,17.5,25.0,1.0,22.0,27.0,15.95019305019305,58.92277992277992,23.325289575289577,59.0096525096525,1.0,6.0,8.666666666666666,11.0,35.0,53.0,40.0,11.0,17.5,31.25,16.0,18.0,23.0,16.0,14.0,16.0,7.0,22.41814671814672,19.403088803088803,15.743629343629342,22.37557915057915,6.0,0.0,6.0,13.0,20.0,27.0,15.0,31.0,-0.5680647467311556,-0.8229838658936566,-0.8660254037844385,-0.5000000000000004,1
2015-08-09,11.0,17.7,203.0,24.0,11.0,3.0,9.5,19.5,1.0,22.0,27.0,15.553861003861003,51.66988416988416,21.031660231660236,58.92277992277992,1.0,6.0,0.0,6.0,21.0,26.0,36.0,3.0,9.5,25.0,24.0,16.0,18.0,19.25,14.5,12.0,16.0,23.323745173745174,24.357335907335905,19.724517374517376,23.356129343629345,6.0,8.666666666666666,11.0,6.0,21.0,11.0,12.75,32.0,-0.663122658240795,-0.7485107481711013,-0.8660254037844385,-0.5000000000000004,1
2015-08-16,7.0,20.0,175.0,22.0,5.0,11.0,7.0,17.7,1.0,49.0,29.0,15.07934362934363,58.84749034749034,25.35135135135135,51.66988416988416,1.0,6.0,0.0,10.0,7.0,83.0,65.0,3.0,7.0,23.125,22.0,24.0,16.0,20.25,15.625,11.0,12.0,23.325289575289577,22.41814671814672,19.55135135135135,22.524710424710428,6.0,0.0,6.0,11.0,13.0,15.0,9.0,33.0,-0.7485107481711011,-0.6631226582407952,-0.8660254037844385,-0.5000000000000004,1
2015-08-23,10.0,18.0,251.0,30.0,5.0,7.0,7.0,20.0,1.0,49.0,29.0,15.743629343629342,60.65830115830117,24.0469111969112,58.84749034749034,1.0,6.0,0.0,10.0,7.0,18.0,69.0,14.0,7.0,13.625,30.0,22.0,24.0,20.0,17.5,5.0,11.0,21.031660231660236,23.323745173745174,17.582818532818532,23.258011583011587,6.0,0.0,10.0,6.0,6.0,9.0,8.25,34.0,-0.8229838658936564,-0.5680647467311559,-0.8660254037844385,-0.5000000000000004,1
2015-08-30,11.0,22.0,185.0,20.0,7.0,10.0,7.75,18.0,1.0,49.0,29.0,19.724517374517376,63.71428571428572,20.731853281853283,60.65830115830117,1.0,6.0,0.0,15.0,3.0,35.0,38.0,12.0,7.75,12.625,20.0,30.0,22.0,23.0,19.5,5.0,5.0,25.35135135135135,23.325289575289577,19.403088803088803,23.43880308880309,6.0,0.0,10.0,10.0,11.0,20.0,9.25,35.0,-0.8854560256532096,-0.4647231720437691,-0.8660254037844385,-0.5000000000000004,1
2015-09-06,22.0,21.0,170.0,22.0,7.0,11.0,9.75,22.0,1.0,49.0,29.0,19.55135135135135,66.41119691119691,21.597104247104248,63.71428571428572,3.0,8.0,13.0,15.0,11.0,21.0,17.0,9.0,9.75,9.625,22.0,20.0,30.0,24.0,21.625,7.0,5.0,24.0469111969112,21.031660231660236,24.357335907335905,22.790444015444017,6.0,0.0,15.0,10.0,6.0,21.0,10.25,36.0,-0.9350162426854147,-0.3546048870425359,-1.0,-1.8369701987210297e-16,1
2015-09-13,24.0,17.0,159.0,20.0,5.0,22.0,12.5,21.0,3.0,49.0,29.0,17.582818532818532,67.86679536679536,19.746138996138995,66.41119691119691,3.0,8.0,0.0,17.0,7.0,7.0,35.0,28.0,12.5,9.75,20.0,22.0,20.0,23.5,21.875,7.0,7.0,20.731853281853283,25.35135135135135,22.41814671814672,22.93180501930502,8.0,13.0,15.0,15.0,10.0,13.0,12.5,37.0,-0.970941817426052,-0.23931566428755774,-1.0,-1.8369701987210297e-16,1
2015-09-20,17.0,18.0,181.0,19.0,8.0,24.0,16.75,17.0,3.0,53.0,32.0,19.403088803088803,72.51737451737452,17.047490347490346,67.86679536679536,3.0,8.0,0.0,14.0,10.0,7.0,58.0,44.0,16.75,11.875,19.0,20.0,22.0,23.0,21.5,5.0,7.0,21.597104247104248,24.0469111969112,23.323745173745174,21.53050193050193,8.0,0.0,17.0,15.0,10.0,6.0,14.25,38.0,-0.992708874098054,-0.12053668025532357,-1.0,-1.8369701987210297e-16,1
2015-09-27,17.0,14.0,189.0,28.0,9.0,17.0,18.5,18.0,3.0,53.0,32.0,24.357335907335905,70.33976833976834,17.7996138996139,72.51737451737452,3.0,8.0,0.0,115.0,11.0,3.0,58.0,2.0,18.5,13.125,28.0,19.0,20.0,20.25,21.625,8.0,5.0,19.746138996138995,20.731853281853283,23.325289575289577,19.78064671814672,8.0,0.0,14.0,17.0,15.0,11.0,15.25,39.0,-1.0,-1.8369701987210297e-16,-1.0,-1.8369701987210297e-16,1
2015-10-04,50.0,10.0,113.0,37.0,21.0,17.0,20.0,14.0,3.0,53.0,32.0,22.41814671814672,70.5945945945946,16.132239382239383,70.33976833976834,8.0,8.0,18.0,138.0,22.0,11.0,15.0,81.0,20.0,14.875,37.0,28.0,19.0,22.25,23.125,9.0,8.0,17.047490347490346,21.597104247104248,21.031660231660236,19.047586872586873,8.0,0.0,115.0,14.0,15.0,6.0,40.25,40.0,-0.992708874098054,0.1205366802553232,-0.8660254037844386,0.5000000000000001,1
2015-10-11,51.0,18.0,85.0,22.0,41.0,50.0,27.0,10.0,8.0,53.0,32.0,23.323745173745174,75.72200772200772,13.947490347490348,70.5945945945946,8.0,8.0,0.0,209.0,24.0,7.0,40.0,21.0,27.0,19.75,22.0,37.0,28.0,26.0,24.75,21.0,9.0,17.7996138996139,19.746138996138995,25.35135135135135,17.681370656370657,8.0,18.0,138.0,115.0,17.0,10.0,71.0,41.0,-0.9709418174260521,0.23931566428755738,-0.8660254037844386,0.5000000000000001,1
2015-10-18,32.0,16.0,68.0,25.0,28.0,51.0,33.75,18.0,8.0,55.00000000000001,30.0,23.325289575289577,80.17181467181467,12.930501930501933,75.72200772200772,8.0,8.0,0.0,367.0,17.0,10.0,19.0,28.0,33.75,25.25,25.0,22.0,37.0,26.5,24.75,41.0,21.0,16.132239382239383,17.047490347490346,24.0469111969112,16.231708494208494,8.0,0.0,209.0,138.0,14.0,10.0,119.0,42.0,-0.9350162426854148,0.35460488704253557,-0.8660254037844386,0.5000000000000001,1
2015-10-25,40.0,19.0,41.0,39.0,23.0,32.0,37.5,16.0,8.0,55.00000000000001,30.0,21.03166023166024,82.24517374517374,10.01216216216216,80.17181467181467,8.0,8.0,0.0,500.0,17.0,11.0,6.0,30.0,37.5,28.0,39.0,25.0,22.0,28.0,24.125,28.0,41.0,13.947490347490348,17.7996138996139,20.731853281853283,15.20246138996139,8.0,0.0,367.0,209.0,115.0,15.0,207.25,43.0,-0.8854560256532101,0.464723172043768,-0.8660254037844386,0.5000000000000001,1
2015-11-01,33.0,12.0,27.0,41.0,49.0,40.0,43.25,19.0,8.0,55.00000000000001,30.0,25.35135135135135,83.37451737451738,11.434169884169885,82.24517374517374,6.0,10.0,22.333333333333332,608.0,50.0,22.0,20.0,39.0,43.25,31.625,41.0,39.0,25.0,30.75,26.5,23.0,28.0,12.930501930501933,16.132239382239383,21.597104247104248,13.255598455598456,8.0,0.0,500.0,367.0,138.0,15.0,303.5,44.0,-0.822983865893657,0.5680647467311548,-0.5000000000000004,0.8660254037844384,1
2015-11-08,33.0,10.0,30.0,25.0,64.0,33.0,39.0,12.0,6.0,55.00000000000001,30.0,24.0469111969112,86.06949806949807,10.442664092664092,83.37451737451738,6.0,10.0,0.0,907.0,51.0,24.0,26.0,25.0,39.0,33.0,25.0,41.0,39.0,31.75,28.875,49.0,23.0,10.01216216216216,13.947490347490348,19.746138996138995,12.08108108108108,10.0,22.333333333333332,608.0,500.0,209.0,17.0,421.0,45.0,-0.7485107481711011,0.6631226582407952,-0.5000000000000004,0.8660254037844384,1
2015-11-15,70.0,7.0,35.0,42.0,102.0,33.0,34.5,10.0,6.0,61.0,36.0,20.731853281853283,81.86100386100387,10.850386100386102,86.06949806949807,6.0,10.0,0.0,1541.0,32.0,17.0,12.0,22.0,34.5,34.125,42.0,25.0,41.0,32.5,29.5,64.0,49.0,11.434169884169885,12.930501930501933,17.047490347490346,11.204874517374517,10.0,0.0,907.0,608.0,367.0,14.0,595.5,46.0,-0.6631226582407955,0.7485107481711007,-0.5000000000000004,0.8660254037844384,1
2015-11-22,32.0,13.0,12.0,47.0,145.0,70.0,44.0,7.0,6.0,61.0,36.0,21.597104247104248,79.94594594594595,11.802702702702703,81.86100386100387,6.0,10.0,0.0,1759.0,40.0,17.0,10.0,38.0,44.0,40.75,47.0,42.0,25.0,36.75,32.375,102.0,64.0,10.442664092664092,10.01216216216216,17.7996138996139,10.68484555984556,10.0,0.0,1541.0,907.0,500.0,115.0,889.0,47.0,-0.5680647467311559,0.8229838658936564,-0.5000000000000004,0.8660254037844384,1
2015-11-29,19.0,11.0,11.0,41.0,167.0,32.0,42.0,13.0,6.0,61.0,36.0,19.746138996138995,82.80115830115831,9.81042471042471,79.94594594594595,6.0,10.0,0.0,2191.0,33.0,50.0,51.0,20.0,42.0,42.625,41.0,47.0,42.0,38.75,34.75,145.0,102.0,10.850386100386102,11.434169884169885,16.132239382239383,11.132480694980696,10.0,0.0,1759.0,1541.0,608.0,138.0,1203.75,48.0,-0.4647231720437684,0.88545602565321,-0.5000000000000004,0.8660254037844384,1
2015-12-06,25.0,9.33,24.0,63.0,282.0,19.0,38.5,11.0,6.0,61.0,36.0,17.047490347490346,79.92857142857143,4.871621621621622,82.80115830115831,6.0,9.0,22.333333333333332,2236.0,33.0,51.0,53.0,40.0,38.5,38.75,63.0,41.0,47.0,38.75,35.25,167.0,145.0,11.802702702702703,10.442664092664092,13.947490347490348,10.726544401544402,10.0,0.0,2191.0,1759.0,907.0,209.0,1599.5,49.0,-0.35460488704253595,0.9350162426854147,-2.4492935982947064e-16,1.0,1
2015-12-13,72.0,11.1,31.0,71.0,363.0,25.0,36.5,9.33,6.0,61.0,36.0,17.7996138996139,87.11583011583012,7.545559845559845,79.92857142857143,6.0,9.0,0.0,2373.0,70.0,32.0,26.0,21.0,36.5,35.5,71.0,63.0,41.0,48.25,40.375,282.0,167.0,9.81042471042471,10.850386100386102,12.930501930501933,9.333783783783785,9.0,22.333333333333332,2236.0,2191.0,1541.0,367.0,1931.75,50.0,-0.2393156642875578,0.970941817426052,-2.4492935982947064e-16,1.0,1
2015-12-20,52.0,6.0,17.0,72.0,574.0,72.0,37.0,11.1,6.0,60.0,34.0,16.132239382239383,86.71428571428571,6.53996138996139,87.11583011583012,6.0,9.0,0.0,1985.0,32.0,40.0,83.0,31.0,37.0,40.5,72.0,71.0,63.0,55.5,46.125,363.0,282.0,4.871621621621622,11.802702702702703,10.01216216216216,8.50757722007722,9.0,0.0,2373.0,2236.0,1759.0,500.0,2139.75,51.0,-0.12053668025532363,0.992708874098054,-2.4492935982947064e-16,1.0,1
2015-12-27,50.0,11.3,23.0,82.0,699.0,52.0,42.0,6.0,6.0,60.0,34.0,13.947490347490348,82.94787644787644,7.489961389961389,86.71428571428571,6.0,9.0,0.0,1934.0,19.0,33.0,18.0,54.0,42.0,42.0,82.0,72.0,71.0,61.75,50.25,574.0,363.0,7.545559845559845,9.81042471042471,11.434169884169885,7.191891891891892,9.0,0.0,1985.0,2373.0,2191.0,608.0,2196.25,52.0,6.432490598706546e-16,1.0,-2.4492935982947064e-16,1.0,1
2016-01-03,48.0,13.0,6.0,146.0,782.0,50.0,49.75,11.3,6.0,60.0,34.0,12.930501930501933,78.65444015444015,8.678571428571429,82.94787644787644,8.0,11.0,21.0,2117.0,25.0,33.0,35.0,25.25,49.75,44.125,146.0,82.0,72.0,72.0,55.375,699.0,574.0,6.53996138996139,4.871621621621622,10.442664092664092,6.611776061776061,9.0,0.0,1934.0,1985.0,2236.0,907.0,2132.0,53.0,0.12053668025532314,0.992708874098054,0.49999999999999994,0.8660254037844387,2
2016-01-10,35.0,9.0,27.0,130.0,1264.0,48.0,55.5,13.0,8.0,60.0,34.0,10.01216216216216,85.488416988417,3.61969111969112,78.65444015444015,8.0,11.0,0.0,1663.0,72.0,70.0,21.0,39.0,55.5,46.0,130.0,146.0,82.0,92.75,70.5,782.0,699.0,7.489961389961389,7.545559845559845,10.850386100386102,7.563513513513513,11.0,21.0,2117.0,1934.0,2373.0,1541.0,2102.25,1.0,0.12053668025532305,0.992708874098054,0.49999999999999994,0.8660254037844387,2
2016-01-17,21.0,12.0,19.0,132.0,1697.0,35.0,46.25,9.0,8.0,55.00000000000001,36.0,11.434169884169885,83.70270270270271,3.045752895752896,85.488416988417,8.0,11.0,0.0,1613.0,52.0,32.0,7.0,32.0,46.25,41.625,132.0,130.0,146.0,107.5,81.5,1264.0,782.0,8.678571428571429,6.53996138996139,11.802702702702703,6.582046332046332,11.0,0.0,1663.0,2117.0,1985.0,1759.0,1924.75,2.0,0.23931566428755774,0.970941817426052,0.49999999999999994,0.8660254037844387,2
2016-01-24,46.0,17.0,12.0,155.0,2611.0,21.0,38.5,12.0,8.0,55.00000000000001,36.0,10.442664092664092,85.43629343629344,3.116409266409266,83.70270270270271,8.0,11.0,0.0,1617.0,50.0,19.0,7.0,58.0,38.5,40.25,155.0,132.0,130.0,122.5,92.125,1697.0,1264.0,3.61969111969112,7.489961389961389,9.81042471042471,5.7084942084942085,11.0,0.0,1613.0,1663.0,1934.0,2191.0,1831.75,3.0,0.3546048870425356,0.9350162426854148,0.49999999999999994,0.8660254037844387,2
2016-01-31,62.0,12.5,17.0,154.0,4600.0,46.0,37.5,17.0,8.0,55.00000000000001,36.0,10.850386100386102,85.36100386100387,-0.8857142857142856,85.43629343629344,8.0,11.0,0.0,1589.0,48.0,25.0,3.0,40.0,37.5,43.625,154.0,155.0,132.0,140.75,106.375,2611.0,1697.0,3.045752895752896,8.678571428571429,4.871621621621622,4.615106177606178,11.0,0.0,1617.0,1613.0,2117.0,2236.0,1752.5,4.0,0.4647231720437685,0.8854560256532099,0.49999999999999994,0.8660254037844387,2
2016-02-07,37.0,10.0,23.0,203.0,5975.0,62.0,41.0,12.5,8.0,55.00000000000001,36.0,11.802702702702703,80.47876447876448,6.327799227799227,85.36100386100387,14.000000000000002,11.0,23.666666666666668,1437.0,35.0,72.0,11.0,36.0,41.0,48.25,203.0,154.0,155.0,142.75,117.75,4600.0,2611.0,3.116409266409266,3.61969111969112,7.545559845559845,2.2240347490347494,11.0,0.0,1589.0,1617.0,1663.0,2373.0,1620.5,5.0,0.5680647467311558,0.8229838658936564,0.8660254037844386,0.5000000000000001,2
2016-02-14,78.0,16.0,30.0,175.0,6976.0,37.0,41.5,10.0,14.000000000000002,55.00000000000001,36.0,9.81042471042471,83.23166023166024,6.827606177606178,80.47876447876448,14.000000000000002,11.0,0.0,1195.0,21.0,52.0,7.0,65.0,41.5,43.875,175.0,203.0,154.0,161.0,134.25,5975.0,4600.0,-0.8857142857142856,3.045752895752896,6.53996138996139,2.901061776061776,11.0,23.666666666666668,1437.0,1589.0,1613.0,1985.0,1564.0,6.0,0.6631226582407952,0.7485107481711011,0.8660254037844386,0.5000000000000001,2
2016-02-21,60.0,12.0,19.0,251.0,6882.0,78.0,55.75,16.0,14.000000000000002,52.0,38.0,4.871621621621622,80.08687258687259,6.303281853281853,83.23166023166024,14.000000000000002,11.0,0.0,1212.0,46.0,50.0,10.0,69.0,55.75,47.125,251.0,175.0,203.0,171.75,147.125,6976.0,5975.0,6.327799227799227,3.116409266409266,7.489961389961389,3.846525096525096,11.0,0.0,1195.0,1437.0,1617.0,1934.0,1459.5,7.0,0.7485107481711011,0.6631226582407953,0.8660254037844386,0.5000000000000001,2
2016-02-28,67.0,19.0,27.0,185.0,7342.0,60.0,59.25,12.0,14.000000000000002,52.0,38.0,7.545559845559845,78.88416988416988,5.164478764478765,80.08687258687259,14.000000000000002,11.0,0.0,1186.0,62.0,48.0,11.0,38.0,59.25,48.375,185.0,251.0,175.0,195.75,168.25,6882.0,6976.0,6.827606177606178,-0.8857142857142856,8.678571428571429,4.643243243243243,11.0,0.0,1212.0,1195.0,1589.0,2117.0,1358.25,8.0,0.8229838658936564,0.5680647467311559,0.8660254037844386,0.5000000000000001,2
2016-03-06,28.0,19.0,29.0,170.0,6640.0,67.0,60.5,19.0,14.000000000000002,52.0,38.0,6.53996138996139,79.15830115830116,5.43011583011583,78.88416988416988,17.0,13.0,25.333333333333332,907.0,37.0,35.0,22.0,17.0,60.5,50.75,170.0,185.0,251.0,203.5,173.125,7342.0,6882.0,6.303281853281853,6.327799227799227,3.61969111969112,6.155791505791506,11.0,0.0,1186.0,1212.0,1437.0,1663.0,1257.5,9.0,0.8854560256532099,0.4647231720437686,1.0,6.123233995736766e-17,2
2016-03-13,62.0,12.34,26.0,159.0,6271.0,28.0,58.25,19.0,17.0,52.0,38.0,7.489961389961389,77.20849420849422,5.35945945945946,79.15830115830116,17.0,13.0,0.0,882.0,78.0,21.0,24.0,35.0,58.25,49.875,159.0,170.0,185.0,195.25,178.125,6640.0,7342.0,5.164478764478765,6.827606177606178,3.045752895752896,5.931370656370657,13.0,25.333333333333332,907.0,1186.0,1195.0,1613.0,1125.0,10.0,0.9350162426854148,0.35460488704253557,1.0,6.123233995736766e-17,2
2016-03-20,81.0,26.0,22.0,181.0,5707.0,62.0,54.25,12.34,17.0,36.0,29.0,8.678571428571429,74.7123552123552,5.533204633204633,77.20849420849422,17.0,13.0,0.0,739.0,60.0,46.0,17.0,58.0,54.25,55.0,181.0,159.0,170.0,191.25,181.5,6271.0,6640.0,5.43011583011583,6.303281853281853,3.116409266409266,5.564333976833977,13.0,0.0,882.0,907.0,1212.0,1617.0,1046.75,11.0,0.970941817426052,0.23931566428755804,1.0,6.123233995736766e-17,2
2016-03-27,52.0,26.0,28.0,189.0,4187.0,81.0,59.5,26.0,17.0,36.0,29.0,3.61969111969112,77.15444015444015,5.736872586872587,74.7123552123552,17.0,13.0,0.0,697.0,67.0,62.0,17.0,58.0,59.5,59.375,189.0,181.0,159.0,173.75,184.75,5707.0,6271.0,5.35945945945946,5.164478764478765,-0.8857142857142856,5.371814671814672,13.0,0.0,739.0,882.0,1186.0,1589.0,928.5,12.0,0.992708874098054,0.120536680255323,1.0,6.123233995736766e-17,2
2016-04-03,74.0,44.4,12.0,113.0,3261.0,52.0,55.75,26.0,17.0,36.0,29.0,3.045752895752896,73.76833976833976,7.497490347490348,77.15444015444015,6.0,11.0,17.333333333333332,549.0,28.0,37.0,50.0,15.0,55.75,58.125,113.0,189.0,181.0,174.75,189.125,4187.0,5707.0,5.533204633204633,5.43011583011583,6.327799227799227,5.514913127413127,13.0,0.0,697.0,739.0,907.0,1437.0,806.25,13.0,1.0,-1.6081226496766366e-16,0.8660254037844387,-0.4999999999999998,2
2016-04-10,60.0,40.6,20.0,85.0,2422.0,74.0,67.25,44.4,6.0,36.0,29.0,3.116409266409266,73.37451737451738,9.739189189189188,73.76833976833976,6.0,11.0,0.0,438.0,62.0,78.0,51.0,40.0,67.25,62.75,85.0,113.0,189.0,160.5,177.875,3261.0,4187.0,5.736872586872587,5.35945945945946,6.827606177606178,6.0317567567567565,11.0,17.333333333333332,549.0,697.0,882.0,1195.0,716.75,14.0,0.992708874098054,-0.12053668025532288,0.8660254037844387,-0.4999999999999998,2
2016-04-17,50.0,39.9,23.0,68.0,1475.0,60.0,66.75,40.6,6.0,32.0,29.0,-0.8857142857142856,77.14092664092664,11.366988416988416,73.37451737451738,6.0,11.0,0.0,364.0,81.0,60.0,32.0,19.0,66.75,60.5,68.0,85.0,113.0,142.0,166.625,2422.0,3261.0,7.497490347490348,5.533204633204633,6.303281853281853,7.1266891891891895,11.0,0.0,438.0,549.0,739.0,1212.0,605.75,15.0,0.9709418174260521,-0.2393156642875575,0.8660254037844387,-0.4999999999999998,2
2016-04-24,40.0,26.8,12.0,41.0,970.0,50.0,59.0,39.9,6.0,32.0,29.0,6.327799227799227,70.62162162162163,11.67007722007722,77.14092664092664,6.0,11.0,0.0,293.0,52.0,67.0,40.0,6.0,59.0,59.25,41.0,68.0,85.0,113.75,143.75,1475.0,2422.0,9.739189189189188,5.736872586872587,5.164478764478765,8.585135135135134,11.0,0.0,364.0,438.0,697.0,1186.0,512.0,16.0,0.9350162426854148,-0.35460488704253545,0.8660254037844387,-0.4999999999999998,2
2016-05-01,25.0,26.2,11.0,27.0,616.0,40.0,56.0,26.8,6.0,32.0,29.0,6.827606177606178,71.996138996139,10.607915057915056,70.62162162162163,3.0,10.0,15.333333333333334,253.0,74.0,28.0,33.0,20.0,56.0,55.875,27.0,41.0,68.0,76.75,125.75,970.0,1475.0,11.366988416988416,7.497490347490348,5.43011583011583,10.068436293436292,11.0,0.0,293.0,364.0,549.0,907.0,411.0,17.0,0.8854560256532099,-0.4647231720437685,0.49999999999999994,-0.8660254037844387,2
2016-05-08,9.0,32.0,19.0,30.0,436.0,25.0,43.75,26.2,3.0,32.0,29.0,6.303281853281853,67.37837837837837,9.464478764478764,71.996138996139,3.0,10.0,0.0,198.0,60.0,62.0,33.0,26.0,43.75,55.5,30.0,27.0,41.0,55.25,107.875,616.0,970.0,11.67007722007722,9.739189189189188,5.35945945945946,10.84604247104247,10.0,15.333333333333334,253.0,293.0,438.0,882.0,337.0,18.0,0.8229838658936565,-0.5680647467311557,0.49999999999999994,-0.8660254037844387,2
2016-05-15,35.0,20.5,31.0,35.0,342.0,9.0,31.0,32.0,3.0,22.0,28.000000000000004,5.164478764478765,72.76254826254826,13.99015444015444,67.37837837837837,3.0,10.0,0.0,162.0,50.0,81.0,70.0,12.0,31.0,48.875,35.0,30.0,27.0,41.5,91.75,436.0,616.0,10.607915057915056,11.366988416988416,5.533204633204633,10.777364864864865,10.0,0.0,198.0,253.0,364.0,739.0,277.0,19.0,0.7485107481711013,-0.663122658240795,0.49999999999999994,-0.8660254037844387,2
2016-05-22,46.0,34.2,44.0,12.0,182.0,35.0,27.25,20.5,3.0,22.0,28.000000000000004,5.43011583011583,70.75482625482626,15.014478764478763,72.76254826254826,3.0,10.0,0.0,104.0,40.0,52.0,32.0,10.0,27.25,43.125,12.0,35.0,30.0,33.25,73.5,342.0,436.0,9.464478764478764,11.67007722007722,5.736872586872587,11.43315637065637,10.0,0.0,162.0,198.0,293.0,697.0,226.5,20.0,0.6631226582407952,-0.7485107481711012,0.49999999999999994,-0.8660254037844387,2
2016-05-29,21.0,40.4,33.0,11.0,137.0,46.0,28.75,34.2,3.0,22.0,28.000000000000004,5.35945945945946,72.96718146718148,14.813127413127416,70.75482625482626,3.0,10.0,0.0,103.0,25.0,74.0,19.0,51.0,28.75,42.375,11.0,12.0,35.0,26.0,51.375,182.0,342.0,13.99015444015444,10.607915057915056,7.497490347490348,12.269256756756757,10.0,0.0,104.0,162.0,253.0,549.0,179.25,21.0,0.5680647467311558,-0.8229838658936564,0.49999999999999994,-0.8660254037844387,2
2016-06-05,35.0,31.0,47.0,24.0,95.0,21.0,27.75,40.4,3.0,22.0,28.000000000000004,5.533204633204633,74.58687258687259,16.985135135135135,72.96718146718148,2.0,7.000000000000001,11.666666666666666,17.0,9.0,60.0,25.0,53.0,27.75,35.75,24.0,11.0,12.0,22.0,38.625,137.0,182.0,15.014478764478763,9.464478764478764,9.739189189189188,13.320559845559846,10.0,0.0,103.0,104.0,198.0,438.0,141.75,22.0,0.46472317204376906,-0.8854560256532096,1.2246467991473532e-16,-1.0,2
2016-06-12,36.0,38.2,48.0,31.0,39.0,35.0,34.25,31.0,2.0,22.0,28.000000000000004,5.736872586872587,66.17374517374517,18.3507722007722,74.58687258687259,2.0,7.000000000000001,0.0,24.0,35.0,50.0,72.0,26.0,34.25,32.625,31.0,24.0,11.0,20.5,31.0,95.0,137.0,14.813127413127416,13.99015444015444,11.366988416988416,15.200723938223938,7.000000000000001,11.666666666666666,17.0,103.0,162.0,364.0,96.5,23.0,0.35460488704253584,-0.9350162426854147,1.2246467991473532e-16,-1.0,2
2016-06-19,42.0,37.0,64.0,17.0,35.0,36.0,34.5,38.2,2.0,18.0,29.0,7.497490347490348,71.46911196911196,18.605405405405406,66.17374517374517,2.0,7.000000000000001,0.0,20.0,46.0,40.0,52.0,83.0,34.5,30.875,17.0,31.0,24.0,19.5,26.375,39.0,95.0,16.985135135135135,15.014478764478763,11.67007722007722,16.29087837837838,7.000000000000001,0.0,24.0,17.0,104.0,293.0,62.0,24.0,0.23931566428755768,-0.970941817426052,1.2246467991473532e-16,-1.0,2
2016-06-26,22.0,25.6,77.0,23.0,28.0,42.0,33.5,37.0,2.0,18.0,29.0,9.739189189189188,67.55019305019304,18.203474903474905,71.46911196911196,2.0,7.000000000000001,0.0,29.0,21.0,25.0,50.0,18.0,33.5,31.125,23.0,17.0,31.0,20.75,23.375,35.0,39.0,18.3507722007722,14.813127413127416,10.607915057915056,17.18861003861004,7.000000000000001,0.0,20.0,24.0,103.0,253.0,41.0,25.0,0.12053668025532308,-0.992708874098054,1.2246467991473532e-16,-1.0,2
2016-07-03,45.0,28.0,116.0,6.0,12.0,22.0,33.75,25.6,2.0,18.0,29.0,11.366988416988416,65.82432432432432,22.24169884169884,67.55019305019304,2.0,6.0,9.333333333333334,28.0,35.0,9.0,48.0,35.0,33.75,30.75,6.0,23.0,17.0,23.75,22.875,28.0,35.0,18.605405405405406,16.985135135135135,9.464478764478764,18.03619691119691,7.000000000000001,0.0,29.0,20.0,17.0,198.0,22.5,26.0,-3.216245299353273e-16,-1.0,-0.4999999999999997,-0.8660254037844388,2
2016-07-10,15.0,24.3,132.0,27.0,19.0,45.0,36.25,28.0,2.0,18.0,29.0,11.67007722007722,63.82239382239383,21.12451737451737,65.82432432432432,2.0,6.0,0.0,31.0,36.0,35.0,35.0,21.0,36.25,35.25,27.0,6.0,23.0,19.25,19.875,12.0,28.0,18.203474903474905,18.3507722007722,13.99015444015444,19.350337837837838,6.0,9.333333333333334,28.0,29.0,24.0,162.0,25.25,27.0,-0.12053668025532283,-0.992708874098054,-0.4999999999999997,-0.8660254037844388,2
2016-07-17,21.0,32.53,176.0,19.0,13.0,15.0,31.0,24.3,2.0,23.0,33.0,10.607915057915056,63.22007722007722,21.17799227799228,63.82239382239383,2.0,6.0,0.0,21.0,42.0,46.0,21.0,7.0,31.0,32.75,19.0,27.0,6.0,18.25,18.875,19.0,12.0,22.24169884169884,18.605405405405406,15.014478764478763,20.043774131274134,6.0,0.0,31.0,28.0,20.0,104.0,27.0,28.0,-0.23931566428755743,-0.9709418174260521,-0.4999999999999997,-0.8660254037844388,2
2016-07-24,10.0,22.0,280.0,12.0,13.0,21.0,25.75,32.53,2.0,23.0,33.0,9.464478764478764,59.47104247104247,20.949613899613897,63.22007722007722,2.0,6.0,0.0,21.0,22.0,21.0,46.0,7.0,25.75,29.625,12.0,19.0,27.0,18.75,19.75,13.0,19.0,21.12451737451737,18.203474903474905,14.813127413127416,20.68692084942085,6.0,0.0,21.0,31.0,29.0,103.0,27.25,29.0,-0.3546048870425356,-0.9350162426854148,-0.4999999999999997,-0.8660254037844388,2
2016-07-31,30.0,23.0,297.0,17.0,7.0,10.0,22.75,22.0,2.0,23.0,33.0,13.99015444015444,63.5096525096525,23.11428571428572,59.47104247104247,2.0,6.0,0.0,17.0,45.0,35.0,62.0,3.0,22.75,28.25,17.0,12.0,19.0,16.0,19.875,13.0,13.0,21.17799227799228,22.24169884169884,16.985135135135135,21.373455598455596,6.0,0.0,21.0,21.0,28.0,17.0,25.25,30.0,-0.46472317204376806,-0.8854560256532101,-0.4999999999999997,-0.8660254037844388,2
2016-08-07,62.0,20.3,351.0,23.0,16.0,30.0,19.0,23.0,2.0,23.0,33.0,15.014478764478763,63.762548262548265,23.37084942084942,63.5096525096525,2.0,8.0,9.666666666666666,12.0,15.0,36.0,37.0,11.0,19.0,27.625,23.0,17.0,12.0,18.75,19.0,7.0,13.0,20.949613899613897,21.12451737451737,18.3507722007722,21.59160231660232,6.0,0.0,17.0,21.0,31.0,24.0,22.5,31.0,-0.5680647467311556,-0.8229838658936566,-0.8660254037844385,-0.5000000000000004,2
2016-08-14,13.0,19.0,433.0,30.0,13.0,62.0,30.75,20.3,2.0,23.0,33.0,14.813127413127416,60.401544401544406,22.01930501930502,63.762548262548265,2.0,8.0,0.0,28.0,21.0,42.0,78.0,7.0,30.75,30.875,30.0,23.0,17.0,17.75,18.0,16.0,7.0,23.11428571428572,21.17799227799228,18.605405405405406,22.15318532818533,8.0,9.666666666666666,12.0,17.0,21.0,20.0,17.75,32.0,-0.663122658240795,-0.7485107481711013,-0.8660254037844385,-0.5000000000000004,2
2016-08-21,17.0,22.5,569.0,19.0,15.0,13.0,28.75,19.0,2.0,42.0,33.0,16.985135135135135,64.16216216216216,20.224710424710423,60.401544401544406,2.0,8.0,0.0,23.0,10.0,22.0,60.0,10.0,28.75,27.25,19.0,30.0,23.0,20.5,19.625,13.0,16.0,23.37084942084942,20.949613899613897,18.203474903474905,22.363513513513514,8.0,0.0,28.0,12.0,21.0,29.0,19.5,33.0,-0.7485107481711011,-0.6631226582407952,-0.8660254037844385,-0.5000000000000004,2
2016-08-28,21.0,17.2,554.0,27.0,22.0,17.0,30.5,22.5,2.0,42.0,33.0,18.3507722007722,58.17760617760617,21.184942084942087,64.16216216216216,2.0,8.0,0.0,22.0,30.0,45.0,67.0,11.0,30.5,26.625,27.0,19.0,30.0,22.25,19.125,15.0,13.0,22.01930501930502,23.11428571428572,22.24169884169884,22.182287644787646,8.0,0.0,23.0,28.0,17.0,28.0,20.0,34.0,-0.8229838658936564,-0.5680647467311559,-0.8660254037844385,-0.5000000000000004,2
2016-09-04,16.0,20.3,611.0,29.0,13.0,21.0,28.25,17.2,2.0,42.0,33.0,18.605405405405406,62.424710424710426,23.93976833976834,58.17760617760617,3.0,9.0,11.333333333333334,26.0,62.0,15.0,28.0,22.0,28.25,23.625,29.0,27.0,19.0,24.75,21.75,22.0,15.0,20.224710424710423,23.37084942084942,21.12451737451737,21.699951737451737,8.0,0.0,22.0,23.0,12.0,31.0,21.25,35.0,-0.8854560256532096,-0.4647231720437691,-1.0,-1.8369701987210297e-16,2
2016-09-11,26.0,20.0,602.0,26.0,17.0,16.0,16.75,20.3,3.0,42.0,33.0,18.203474903474905,63.52509652509652,21.717953667953672,62.424710424710426,3.0,9.0,0.0,30.0,13.0,21.0,62.0,24.0,16.75,23.75,26.0,29.0,27.0,26.25,22.0,13.0,22.0,21.184942084942087,22.01930501930502,21.17799227799228,21.84218146718147,9.0,11.333333333333334,26.0,22.0,28.0,21.0,24.75,36.0,-0.9350162426854147,-0.3546048870425359,-1.0,-1.8369701987210297e-16,2
2016-09-18,37.0,12.1,433.0,22.0,22.0,26.0,20.0,20.0,3.0,57.99999999999999,34.0,22.24169884169884,64.12548262548263,21.7972972972973,63.52509652509652,3.0,9.0,0.0,49.0,17.0,10.0,81.0,17.0,20.0,24.375,22.0,26.0,29.0,25.25,22.875,17.0,13.0,23.93976833976834,20.224710424710423,20.949613899613897,21.76684362934363,9.0,0.0,30.0,26.0,23.0,21.0,25.25,37.0,-0.970941817426052,-0.23931566428755774,-1.0,-1.8369701987210297e-16,2
2016-09-25,29.0,11.0,379.0,28.0,13.0,37.0,25.0,12.1,3.0,57.99999999999999,34.0,21.12451737451737,67.22586872586872,20.41602316602317,64.12548262548263,3.0,9.0,0.0,66.0,21.0,30.0,52.0,17.0,25.0,27.75,28.0,22.0,26.0,26.0,24.125,22.0,17.0,21.717953667953672,21.184942084942087,23.11428571428572,22.15999034749035,9.0,0.0,49.0,30.0,22.0,17.0,31.75,38.0,-0.992708874098054,-0.12053668025532357,-1.0,-1.8369701987210297e-16,2
2016-10-02,38.0,17.2,273.0,12.0,19.0,29.0,27.0,11.0,3.0,57.99999999999999,34.0,21.17799227799228,69.46718146718146,16.413127413127416,67.22586872586872,9.0,13.0,19.333333333333332,188.0,16.0,62.0,74.0,50.0,27.0,27.625,12.0,28.0,22.0,26.25,25.5,13.0,22.0,21.7972972972973,23.93976833976834,23.37084942084942,21.96776061776062,9.0,0.0,66.0,49.0,26.0,12.0,42.75,39.0,-1.0,-1.8369701987210297e-16,-0.8660254037844386,0.5000000000000001,2
2016-10-09,46.0,13.5,226.0,20.0,50.0,38.0,32.5,17.2,9.0,57.99999999999999,34.0,20.949613899613897,70.87644787644788,16.7030888030888,69.46718146718146,9.0,13.0,0.0,280.0,26.0,13.0,60.0,51.0,32.5,24.625,20.0,12.0,28.0,22.0,24.125,19.0,13.0,20.41602316602317,21.717953667953672,22.01930501930502,20.08610038610039,13.0,19.333333333333332,188.0,66.0,30.0,28.0,83.25,40.0,-0.992708874098054,0.1205366802553232,-0.8660254037844386,0.5000000000000001,2
2016-10-16,59.0,13.3,155.0,23.0,44.0,46.0,37.5,13.5,9.0,57.99999999999999,33.0,23.11428571428572,78.76061776061775,13.162934362934363,70.87644787644788,9.0,13.0,0.0,435.0,37.0,17.0,50.0,32.0,37.5,28.75,23.0,20.0,12.0,20.5,22.875,50.0,19.0,16.413127413127416,21.7972972972973,20.224710424710423,18.832384169884172,13.0,0.0,280.0,188.0,49.0,23.0,145.75,41.0,-0.9709418174260521,0.23931566428755738,-0.8660254037844386,0.5000000000000001,2
2016-10-23,47.0,15.1,82.0,12.0,70.0,59.0,43.0,13.3,9.0,57.99999999999999,33.0,23.37084942084942,84.78571428571429,10.775482625482624,78.76061776061775,9.0,13.0,0.0,567.0,29.0,21.0,40.0,40.0,43.0,34.0,12.0,23.0,20.0,20.75,23.375,44.0,50.0,16.7030888030888,20.41602316602317,21.184942084942087,16.673793436293437,13.0,0.0,435.0,280.0,66.0,22.0,242.25,42.0,-0.9350162426854148,0.35460488704253557,-0.8660254037844386,0.5000000000000001,2
2016-10-30,29.0,9.0,61.0,11.0,98.0,47.0,47.5,15.1,9.0,57.99999999999999,33.0,22.01930501930502,83.12162162162163,10.710038610038607,84.78571428571429,9.0,13.0,0.0,826.0,38.0,16.0,25.0,33.0,47.5,37.25,11.0,12.0,23.0,16.75,21.5,70.0,44.0,13.162934362934363,16.413127413127416,23.93976833976834,14.263658301158301,13.0,0.0,567.0,435.0,188.0,26.0,367.5,43.0,-0.8854560256532101,0.464723172043768,-0.8660254037844386,0.5000000000000001,2
2016-11-06,42.0,23.2,60.0,19.0,153.0,29.0,45.25,9.0,9.0,57.99999999999999,33.0,20.224710424710423,83.00386100386102,11.279729729729729,83.12162162162163,8.0,12.0,20.333333333333332,1014.0,46.0,26.0,9.0,33.0,45.25,38.875,19.0,11.0,12.0,16.5,19.25,98.0,70.0,10.775482625482624,16.7030888030888,21.717953667953672,12.837886100386099,13.0,0.0,826.0,567.0,280.0,30.0,527.0,44.0,-0.822983865893657,0.5680647467311548,-0.5000000000000004,0.8660254037844384,2
2016-11-13,36.0,10.6,34.0,31.0,251.0,42.0,44.25,23.2,8.0,57.99999999999999,33.0,21.184942084942087,84.24324324324324,8.905019305019305,83.00386100386102,8.0,12.0,0.0,1519.0,59.0,37.0,35.0,70.0,44.25,40.875,31.0,19.0,11.0,16.25,18.375,153.0,98.0,10.710038610038607,13.162934362934363,21.7972972972973,11.482046332046332,12.0,20.333333333333332,1014.0,826.0,435.0,49.0,710.5,45.0,-0.7485107481711011,0.6631226582407952,-0.5000000000000004,0.8660254037844384,2
2016-11-20,22.0,10.4,26.0,44.0,485.0,36.0,38.5,10.6,8.0,69.0,41.0,23.93976833976834,83.44980694980696,5.425096525096525,84.24324324324324,8.0,12.0,0.0,1911.0,47.0,29.0,46.0,32.0,38.5,40.75,44.0,31.0,19.0,18.25,19.5,251.0,153.0,11.279729729729729,10.775482625482624,20.41602316602317,10.417567567567566,12.0,0.0,1519.0,1014.0,567.0,66.0,981.5,46.0,-0.6631226582407955,0.7485107481711007,-0.5000000000000004,0.8660254037844384,2
2016-11-27,48.0,12.0,32.0,33.0,826.0,22.0,32.25,10.4,8.0,69.0,41.0,21.717953667953672,86.52895752895753,7.780115830115831,83.44980694980696,8.0,12.0,0.0,2208.0,29.0,38.0,21.0,19.0,32.25,39.875,33.0,44.0,31.0,26.25,21.5,485.0,251.0,8.905019305019305,10.710038610038607,16.413127413127416,9.079971042471042,12.0,0.0,1911.0,1519.0,826.0,188.0,1317.5,47.0,-0.5680647467311559,0.8229838658936564,-0.5000000000000004,0.8660254037844384,2
2016-12-04,55.0,4.2,20.0,47.0,1384.0,48.0,37.0,12.0,8.0,69.0,41.0,21.7972972972973,81.47876447876448,7.402316602316602,86.52895752895753,12.0,13.0,25.666666666666668,2764.0,42.0,46.0,35.0,25.0,37.0,41.125,47.0,33.0,44.0,31.75,24.125,826.0,485.0,5.425096525096525,11.279729729729729,16.7030888030888,8.347490347490348,12.0,0.0,2208.0,1911.0,1014.0,280.0,1663.0,48.0,-0.4647231720437684,0.88545602565321,-2.4492935982947064e-16,1.0,2
2016-12-11,71.0,11.0,19.0,48.0,2693.0,55.0,40.25,4.2,12.0,69.0,41.0,20.41602316602317,86.68725868725869,3.215830115830116,81.47876447876448,12.0,13.0,0.0,3039.0,36.0,59.0,36.0,72.0,40.25,42.25,48.0,47.0,33.0,38.75,27.5,1384.0,826.0,7.780115830115831,8.905019305019305,13.162934362934363,7.378137065637065,13.0,25.666666666666668,2764.0,2208.0,1519.0,435.0,2100.5,49.0,-0.35460488704253595,0.9350162426854147,-2.4492935982947064e-16,1.0,2
2016-12-18,88.0,9.2,21.0,64.0,4579.0,71.0,49.0,11.0,12.0,80.0,49.0,16.413127413127416,87.40926640926641,4.968339768339768,86.68725868725869,12.0,13.0,0.0,3309.0,22.0,47.0,42.0,52.0,49.0,43.75,64.0,48.0,47.0,43.0,30.625,2693.0,1384.0,7.402316602316602,5.425096525096525,10.775482625482624,5.955839768339768,13.0,0.0,3039.0,2764.0,1911.0,567.0,2480.5,50.0,-0.2393156642875578,0.970941817426052,-2.4492935982947064e-16,1.0,2
2016-12-25,31.0,6.5,30.0,77.0,7472.0,88.0,65.5,9.2,12.0,80.0,49.0,16.7030888030888,87.61583011583012,3.4822393822393822,87.40926640926641,12.0,13.0,0.0,3439.0,48.0,29.0,22.0,50.0,65.5,48.875,77.0,64.0,48.0,48.0,37.125,4579.0,2693.0,3.215830115830116,7.780115830115831,10.710038610038607,5.8416505791505795,13.0,0.0,3309.0,3039.0,2208.0,826.0,2830.0,51.0,-0.12053668025532363,0.992708874098054,-2.4492935982947064e-16,1.0,2
2017-01-01,55.25,4.625,13.0,116.0,9643.0,31.0,61.25,6.5,12.0,80.0,49.0,13.162934362934363,81.77220077220078,3.871428571428571,87.61583011583012,30.0,18.0,34.333333333333336,3080.0,55.0,42.0,45.0,48.0,61.25,49.125,116.0,77.0,64.0,59.0,45.375,7472.0,4579.0,4.968339768339768,7.402316602316602,11.279729729729729,4.767181467181468,13.0,0.0,3439.0,3309.0,2764.0,1014.0,3137.75,52.0,6.432490598706546e-16,1.0,0.49999999999999994,0.8660254037844387,3
2017-01-08,47.65625,14.58333333,36.0,132.0,9517.0,55.25,61.3125,4.625,30.0,80.0,49.0,10.775482625482624,80.5057915057915,2.473938223938224,81.77220077220078,30.0,18.0,0.0,2661.0,71.0,36.0,15.0,35.0,61.3125,50.78125,132.0,116.0,77.0,76.25,57.5,9643.0,7472.0,3.4822393822393822,3.215830115830116,8.905019305019305,3.8844594594594595,18.0,34.333333333333336,3080.0,3439.0,3039.0,1519.0,3216.75,1.0,0.12053668025532305,0.992708874098054,0.49999999999999994,0.8660254037844387,3
2017-01-15,31.66666667,12.16666667,32.0,176.0,8717.0,47.65625,55.4765625,14.58333333,30.0,51.0,36.0,10.710038610038607,82.2895752895753,-0.6494208494208494,80.5057915057915,30.0,18.0,0.0,2399.0,88.0,22.0,21.0,21.0,55.4765625,52.23828125,176.0,132.0,116.0,97.25,70.125,9517.0,9643.0,3.871428571428571,4.968339768339768,5.425096525096525,3.6989864864864863,18.0,0.0,2661.0,3080.0,3309.0,1911.0,3122.25,2.0,0.23931566428755774,0.970941817426052,0.49999999999999994,0.8660254037844387,3
2017-01-22,45.41666667,15.83333333,28.0,280.0,7630.0,31.66666667,41.3932291675,12.16666667,30.0,51.0,36.0,11.279729729729729,80.4015444015444,0.6835907335907337,82.2895752895753,30.0,18.0,0.0,2289.0,31.0,48.0,10.0,46.0,41.3932291675,53.44661458375,280.0,176.0,132.0,125.25,86.625,8717.0,9517.0,2.473938223938224,3.4822393822393822,7.780115830115831,2.2945463320463317,18.0,0.0,2399.0,2661.0,3439.0,2208.0,2894.75,3.0,0.3546048870425356,0.9350162426854148,0.49999999999999994,0.8660254037844387,3
2017-01-29,55.41666667,12.70833333,39.0,297.0,7526.0,45.41666667,44.997395835,15.83333333,30.0,51.0,36.0,8.905019305019305,83.05405405405405,-1.114092664092664,80.4015444015444,30.0,18.0,0.0,2324.0,55.25,55.0,30.0,62.0,44.997395835,53.123697917499996,297.0,280.0,176.0,176.0,117.5,7630.0,8717.0,-0.6494208494208494,3.871428571428571,7.402316602316602,1.5948841698841698,18.0,0.0,2289.0,2399.0,3080.0,2764.0,2607.25,4.0,0.4647231720437685,0.8854560256532099,0.49999999999999994,0.8660254037844387,3
2017-02-05,44.33333333,14.43333333,51.0,351.0,6936.0,55.41666667,45.0390625025,12.70833333,30.0,51.0,36.0,5.425096525096525,87.32046332046332,0.6527027027027028,83.05405405405405,9.0,14.000000000000002,21.333333333333332,2107.0,47.65625,71.0,62.0,37.0,45.0390625025,53.17578125125,351.0,297.0,280.0,221.25,148.75,7526.0,7630.0,0.6835907335907337,2.473938223938224,3.215830115830116,0.34850386100386105,18.0,0.0,2324.0,2289.0,2661.0,3039.0,2418.25,5.0,0.5680647467311558,0.8229838658936564,0.8660254037844386,0.5000000000000001,3
2017-02-12,27.0,9.0,41.0,433.0,5286.0,44.33333333,44.208333335,14.43333333,9.0,51.0,36.0,7.780115830115831,79.60617760617761,4.4391891891891895,87.32046332046332,9.0,14.000000000000002,0.0,1889.0,31.66666667,88.0,13.0,78.0,44.208333335,49.842447917499996,433.0,351.0,297.0,276.0,186.625,6936.0,7526.0,-1.114092664092664,-0.6494208494208494,4.968339768339768,-0.10680501930501923,14.000000000000002,21.333333333333332,2107.0,2324.0,2399.0,3309.0,2279.75,6.0,0.6631226582407952,0.7485107481711011,0.8660254037844386,0.5000000000000001,3
2017-02-19,18.0,10.3,33.0,569.0,4137.0,27.0,43.0416666675,9.0,9.0,44.0,37.0,7.402316602316602,83.52895752895753,1.034169884169884,79.60617760617761,9.0,14.000000000000002,0.0,1748.0,45.41666667,31.0,17.0,60.0,43.041666667499996,42.217447917499996,569.0,433.0,351.0,340.25,232.75,5286.0,6936.0,0.6527027027027028,0.6835907335907337,3.4822393822393822,1.1653474903474905,14.000000000000002,0.0,1889.0,2107.0,2289.0,3439.0,2152.25,7.0,0.7485107481711011,0.6631226582407953,0.8660254037844386,0.5000000000000001,3
2017-02-26,36.0,8.2,50.0,554.0,3399.0,18.0,36.1875,10.3,9.0,44.0,37.0,3.215830115830116,78.3880308880309,3.679150579150579,83.52895752895753,9.0,14.000000000000002,0.0,1440.0,55.41666667,55.25,21.0,67.0,36.1875,40.592447917499996,554.0,569.0,433.0,412.5,294.25,4137.0,5286.0,4.4391891891891895,-1.114092664092664,3.871428571428571,1.2529922779922782,14.000000000000002,0.0,1748.0,1889.0,2324.0,3080.0,2017.0,8.0,0.8229838658936564,0.5680647467311559,0.8660254037844386,0.5000000000000001,3
2017-03-05,48.0,19.5,27.0,611.0,2236.0,36.0,31.3333333325,8.2,9.0,44.0,37.0,4.968339768339768,77.93436293436294,7.27104247104247,78.3880308880309,5.0,12.0,18.333333333333332,1121.0,44.33333333,47.65625,16.0,28.0,31.3333333325,38.186197917499996,611.0,554.0,569.0,476.75,349.0,3399.0,4137.0,1.034169884169884,0.6527027027027028,2.473938223938224,2.4513030888030887,14.000000000000002,0.0,1440.0,1748.0,2107.0,2661.0,1796.0,9.0,0.8854560256532099,0.4647231720437686,1.0,6.123233995736766e-17,3
2017-03-12,20.0,17.0,20.0,602.0,1580.0,48.0,32.25,19.5,5.0,44.0,37.0,3.4822393822393822,77.28571428571429,7.784555984555984,77.93436293436294,5.0,12.0,0.0,961.0,27.0,31.66666667,26.0,62.0,32.25,38.229166667499996,602.0,611.0,554.0,541.75,408.875,2236.0,3399.0,3.679150579150579,4.4391891891891895,-0.6494208494208494,4.105888030888031,12.0,18.333333333333332,1121.0,1440.0,1889.0,2399.0,1549.5,10.0,0.9350162426854148,0.35460488704253557,1.0,6.123233995736766e-17,3
2017-03-19,25.0,11.0,32.0,433.0,1249.0,20.0,30.5,17.0,5.0,36.0,32.0,3.871428571428571,73.32625482625483,7.98976833976834,77.28571428571429,5.0,12.0,0.0,672.0,18.0,45.41666667,37.0,81.0,30.5,36.770833333750005,433.0,602.0,611.0,584.0,462.125,1580.0,2236.0,7.27104247104247,1.034169884169884,0.6835907335907337,4.942229729729729,12.0,0.0,961.0,1121.0,1748.0,2289.0,1317.5,11.0,0.970941817426052,0.23931566428755804,1.0,6.123233995736766e-17,3
2017-03-26,31.0,32.1,36.0,379.0,950.0,25.0,32.25,11.0,5.0,36.0,32.0,2.473938223938224,74.72779922779922,8.652702702702703,73.32625482625483,5.0,12.0,0.0,545.0,36.0,55.41666667,29.0,52.0,32.25,34.21875,379.0,433.0,602.0,550.0,481.25,1249.0,1580.0,7.784555984555984,3.679150579150579,-1.114092664092664,6.681129343629344,12.0,0.0,672.0,961.0,1440.0,2324.0,1048.5,12.0,0.992708874098054,0.120536680255323,1.0,6.123233995736766e-17,3
2017-04-02,20.0,37.9,40.0,273.0,823.0,31.0,31.0,32.1,5.0,36.0,32.0,-0.6494208494208494,70.66602316602317,8.872007722007721,74.72779922779922,3.0,10.0,16.0,397.0,48.0,44.33333333,38.0,74.0,31.0,31.166666666250002,273.0,379.0,433.0,506.25,491.5,950.0,1249.0,7.98976833976834,7.27104247104247,0.6527027027027028,7.924517374517374,12.0,0.0,545.0,672.0,1121.0,2107.0,824.75,13.0,1.0,-1.6081226496766366e-16,0.8660254037844387,-0.4999999999999998,3
2017-04-09,47.0,22.5,21.0,226.0,683.0,20.0,24.0,37.9,3.0,36.0,32.0,0.6835907335907337,70.61196911196912,11.66969111969112,70.66602316602317,3.0,10.0,0.0,289.0,20.0,27.0,46.0,60.0,24.0,28.125,226.0,273.0,379.0,421.75,481.75,823.0,950.0,8.652702702702703,7.784555984555984,4.4391891891891895,8.324758687258687,10.0,16.0,397.0,545.0,961.0,1889.0,643.75,14.0,0.992708874098054,-0.12053668025532288,0.8660254037844387,-0.4999999999999998,3
2017-04-16,58.0,23.2,18.0,155.0,437.0,47.0,30.75,22.5,3.0,27.0,29.0,-1.114092664092664,67.63127413127413,11.02779922779923,70.61196911196912,3.0,10.0,0.0,188.0,25.0,18.0,59.0,50.0,30.75,30.625,155.0,226.0,273.0,327.75,455.875,683.0,823.0,8.872007722007721,7.98976833976834,1.034169884169884,9.29604247104247,10.0,0.0,289.0,397.0,672.0,1748.0,475.75,15.0,0.9709418174260521,-0.2393156642875575,0.8660254037844387,-0.4999999999999998,3
2017-04-23,17.875,16.0,11.0,82.0,388.0,58.0,39.0,23.2,3.0,27.0,29.0,0.6527027027027028,62.544401544401545,11.596332046332048,67.63127413127413,3.0,10.0,0.0,143.0,31.0,36.0,47.0,40.0,39.0,35.625,82.0,155.0,226.0,258.25,404.125,437.0,683.0,11.66969111969112,8.652702702702703,3.679150579150579,10.055550193050195,10.0,0.0,188.0,289.0,545.0,1440.0,354.75,16.0,0.9350162426854148,-0.35460488704253545,0.8660254037844387,-0.4999999999999998,3
2017-04-30,48.0,45.3,14.0,61.0,375.0,17.875,35.71875,16.0,3.0,27.0,29.0,4.4391891891891895,67.1930501930502,8.475675675675676,62.544401544401545,3.0,10.0,0.0,71.0,20.0,48.0,29.0,25.0,35.71875,33.359375,61.0,82.0,155.0,184.0,345.125,388.0,437.0,11.02779922779923,8.872007722007721,7.27104247104247,10.79145752895753,10.0,0.0,143.0,188.0,397.0,1121.0,254.25,17.0,0.8854560256532099,-0.4647231720437685,0.8660254037844387,-0.4999999999999998,3
2017-05-07,44.0,25.1,27.0,60.0,304.0,48.0,42.71875,45.3,3.0,27.0,29.0,1.034169884169884,72.34169884169884,10.045173745173743,67.1930501930502,3.0,7.000000000000001,12.666666666666666,94.0,47.0,20.0,42.0,9.0,42.71875,33.359375,60.0,61.0,82.0,131.0,276.375,375.0,388.0,11.596332046332048,11.66969111969112,7.784555984555984,10.692374517374517,10.0,0.0,71.0,143.0,289.0,961.0,172.75,18.0,0.8229838658936565,-0.5680647467311557,0.49999999999999994,-0.8660254037844387,3
2017-05-14,24.0,40.7,19.0,34.0,418.0,44.0,41.96875,25.1,3.0,27.0,29.0,3.679150579150579,72.83590733590734,13.146525096525096,72.34169884169884,3.0,7.000000000000001,0.0,74.0,58.0,25.0,36.0,35.0,41.96875,36.359375,34.0,60.0,61.0,89.5,208.625,304.0,375.0,8.475675675675676,11.02779922779923,7.98976833976834,10.286245173745176,7.000000000000001,12.666666666666666,94.0,71.0,188.0,672.0,124.0,19.0,0.7485107481711013,-0.663122658240795,0.49999999999999994,-0.8660254037844387,3
2017-05-21,27.0,39.0,32.0,26.0,417.0,24.0,33.46875,40.7,3.0,17.0,28.000000000000004,7.27104247104247,65.67760617760618,13.347297297297295,72.83590733590734,3.0,7.000000000000001,0.0,15.0,17.875,31.0,22.0,46.0,33.46875,36.234375,26.0,34.0,60.0,59.25,158.75,418.0,304.0,10.045173745173743,11.596332046332048,8.652702702702703,10.81592664092664,7.000000000000001,0.0,74.0,94.0,143.0,545.0,95.5,20.0,0.6631226582407952,-0.7485107481711012,0.49999999999999994,-0.8660254037844387,3
2017-05-28,23.0,42.01,41.0,32.0,360.0,27.0,35.75,39.0,3.0,17.0,28.000000000000004,7.784555984555984,63.38996138996139,17.103088803088802,65.67760617760618,3.0,7.000000000000001,0.0,24.0,48.0,20.0,48.0,21.0,35.75,35.734375,32.0,26.0,34.0,45.25,114.625,417.0,418.0,13.146525096525096,8.475675675675676,8.872007722007721,11.253667953667954,7.000000000000001,0.0,15.0,74.0,71.0,397.0,63.5,21.0,0.5680647467311558,-0.8229838658936564,0.49999999999999994,-0.8660254037844387,3
2017-06-04,44.0,26.0,27.0,20.0,215.0,23.0,29.5,42.01,3.0,17.0,28.000000000000004,7.98976833976834,64.24903474903475,18.8996138996139,63.38996138996139,2.0,7.000000000000001,10.333333333333334,10.0,44.0,47.0,55.0,35.0,29.5,36.109375,20.0,32.0,26.0,38.0,84.5,360.0,417.0,13.347297297297295,10.045173745173743,11.66969111969112,13.410521235521234,7.000000000000001,0.0,24.0,15.0,94.0,289.0,51.75,22.0,0.46472317204376906,-0.8854560256532096,1.2246467991473532e-16,-1.0,3
2017-06-11,37.0,38.7,31.0,19.0,113.0,44.0,29.5,26.0,2.0,17.0,28.000000000000004,8.652702702702703,61.656370656370655,19.591698841698843,64.24903474903475,2.0,7.000000000000001,0.0,6.0,24.0,58.0,71.0,36.0,29.5,35.734375,19.0,20.0,32.0,28.0,58.75,215.0,360.0,17.103088803088802,13.146525096525096,11.02779922779923,15.624131274131274,7.000000000000001,10.333333333333334,10.0,24.0,74.0,188.0,30.75,23.0,0.35460488704253584,-0.9350162426854147,1.2246467991473532e-16,-1.0,3
2017-06-18,40.0,44.37,51.0,21.0,81.0,37.0,32.75,38.7,2.0,18.0,30.0,8.872007722007721,60.63513513513514,19.653281853281857,61.656370656370655,2.0,7.000000000000001,0.0,9.0,27.0,17.875,88.0,42.0,32.75,33.109375,21.0,19.0,20.0,24.25,41.75,113.0,215.0,18.8996138996139,13.347297297297295,11.596332046332048,17.23542471042471,7.000000000000001,0.0,6.0,10.0,15.0,143.0,13.75,24.0,0.23931566428755768,-0.970941817426052,1.2246467991473532e-16,-1.0,3
2017-06-25,23.0,34.83,88.0,30.0,65.0,40.0,36.0,44.37,2.0,18.0,30.0,11.66969111969112,60.46911196911197,21.149420849420853,60.63513513513514,2.0,7.000000000000001,0.0,13.0,23.0,48.0,31.0,22.0,36.0,35.875,30.0,21.0,19.0,23.0,34.125,81.0,113.0,19.591698841698843,17.103088803088802,8.475675675675676,18.81192084942085,7.000000000000001,0.0,9.0,6.0,24.0,71.0,12.25,25.0,0.12053668025532308,-0.992708874098054,1.2246467991473532e-16,-1.0,3
2017-07-02,39.0,31.0,82.0,13.0,33.0,23.0,36.0,34.83,2.0,18.0,30.0,11.02779922779923,68.9073359073359,23.007142857142856,60.46911196911197,1.0,9.0,10.0,2.0,44.0,44.0,55.25,45.0,36.0,32.75,13.0,30.0,21.0,22.5,30.25,65.0,81.0,19.653281853281857,18.8996138996139,10.045173745173743,19.823503861003864,7.000000000000001,0.0,13.0,9.0,10.0,94.0,9.5,26.0,-3.216245299353273e-16,-1.0,-0.4999999999999997,-0.8660254037844388,3
2017-07-09,37.0,20.0,170.0,36.0,38.0,39.0,34.75,31.0,1.0,18.0,30.0,11.596332046332048,65.47104247104247,20.136486486486486,68.9073359073359,1.0,9.0,0.0,6.0,37.0,24.0,47.65625,15.0,34.75,32.125,36.0,13.0,30.0,20.75,24.375,33.0,65.0,21.149420849420853,19.591698841698843,13.146525096525096,20.850386100386103,9.0,10.0,2.0,13.0,6.0,74.0,7.5,27.0,-0.12053668025532283,-0.992708874098054,-0.4999999999999997,-0.8660254037844388,3
2017-07-16,25.0,13.0,284.0,32.0,27.0,37.0,34.75,20.0,1.0,24.0,32.0,8.475675675675676,65.35907335907336,21.07837837837838,65.47104247104247,1.0,9.0,0.0,5.0,40.0,27.0,31.66666667,21.0,34.75,33.75,32.0,36.0,13.0,25.0,24.625,38.0,33.0,23.007142857142856,19.653281853281857,13.347297297297295,20.986583011583015,9.0,0.0,6.0,2.0,9.0,15.0,7.5,28.0,-0.23931566428755743,-0.9709418174260521,-0.4999999999999997,-0.8660254037844388,3
2017-07-23,31.0,25.0,437.0,28.0,23.0,25.0,31.0,13.0,1.0,24.0,32.0,10.045173745173743,62.48262548262549,21.18590733590733,65.35907335907336,1.0,9.0,0.0,7.0,23.0,23.0,45.41666667,10.0,31.0,33.5,28.0,32.0,36.0,27.75,25.375,27.0,38.0,20.136486486486486,21.149420849420853,17.103088803088802,21.342857142857145,9.0,0.0,5.0,6.0,13.0,24.0,6.5,29.0,-0.3546048870425356,-0.9350162426854148,-0.4999999999999997,-0.8660254037844388,3
2017-07-30,7.0,13.1,428.0,39.0,22.0,31.0,33.0,25.0,1.0,24.0,32.0,13.146525096525096,66.98648648648648,22.358108108108105,62.48262548262549,1.0,9.0,0.0,2.0,39.0,44.0,55.41666667,30.0,33.0,34.5,39.0,28.0,32.0,27.25,24.875,23.0,27.0,21.07837837837838,23.007142857142856,18.8996138996139,21.351978764478766,9.0,0.0,7.0,5.0,2.0,10.0,5.0,30.0,-0.46472317204376806,-0.8854560256532101,-0.4999999999999997,-0.8660254037844388,3
2017-08-06,13.0,17.0,619.0,51.0,20.0,7.0,25.0,13.1,1.0,24.0,32.0,13.347297297297295,59.15830115830115,21.31949806949807,66.98648648648648,2.0,8.0,10.333333333333334,12.0,37.0,37.0,44.33333333,62.0,25.0,29.875,51.0,39.0,28.0,33.75,27.25,22.0,23.0,21.18590733590733,20.136486486486486,19.591698841698843,21.189720077220073,9.0,0.0,2.0,7.0,6.0,6.0,5.0,31.0,-0.5680647467311556,-0.8229838658936566,-0.8660254037844385,-0.5000000000000004,3
2017-08-13,12.0,10.5,817.0,41.0,21.0,13.0,19.0,17.0,2.0,24.0,32.0,17.103088803088802,62.4054054054054,23.72142857142857,59.15830115830115,2.0,8.0,0.0,8.0,25.0,40.0,27.0,13.0,19.0,26.875,41.0,51.0,39.0,37.5,31.25,20.0,22.0,22.358108108108105,21.07837837837838,19.653281853281857,21.48547297297297,8.0,10.333333333333334,12.0,2.0,5.0,9.0,6.5,32.0,-0.663122658240795,-0.7485107481711013,-0.8660254037844385,-0.5000000000000004,3
2017-08-20,20.0,14.5,901.0,33.0,20.0,12.0,15.75,10.5,2.0,53.0,35.0,18.8996138996139,63.0965250965251,21.093822393822396,62.4054054054054,2.0,8.0,0.0,12.0,31.0,23.0,18.0,17.0,15.75,23.375,33.0,41.0,51.0,39.75,33.75,21.0,20.0,21.31949806949807,21.18590733590733,21.149420849420853,22.146235521235518,8.0,0.0,8.0,12.0,7.0,13.0,7.25,33.0,-0.7485107481711011,-0.6631226582407952,-0.8660254037844385,-0.5000000000000004,3
2017-08-27,23.0,12.0,876.0,50.0,18.0,20.0,13.0,14.5,2.0,53.0,35.0,19.591698841698843,65.6930501930502,21.83262548262548,63.0965250965251,2.0,8.0,0.0,7.0,7.0,39.0,36.0,21.0,13.0,23.0,50.0,33.0,41.0,41.0,34.125,20.0,21.0,23.72142857142857,22.358108108108105,23.007142857142856,22.123214285714283,8.0,0.0,12.0,8.0,2.0,2.0,8.5,34.0,-0.8229838658936564,-0.5680647467311559,-0.8660254037844385,-0.5000000000000004,3
2017-09-03,16.0,14.1,804.0,27.0,19.0,23.0,17.0,12.0,2.0,53.0,35.0,19.653281853281857,69.5926640926641,20.74710424710425,65.6930501930502,3.0,12.0,14.0,10.0,13.0,37.0,48.0,16.0,17.0,21.0,27.0,50.0,33.0,43.75,38.75,18.0,20.0,21.093822393822396,21.31949806949807,20.136486486486486,21.99184362934363,8.0,0.0,7.0,12.0,12.0,6.0,9.75,35.0,-0.8854560256532096,-0.4647231720437691,-1.0,-1.8369701987210297e-16,3
2017-09-10,8.0,21.5,960.0,20.0,13.0,16.0,17.75,14.1,3.0,53.0,35.0,21.149420849420853,70.1003861003861,19.32934362934363,69.5926640926641,3.0,12.0,0.0,9.0,12.0,25.0,20.0,26.0,17.75,18.375,20.0,27.0,50.0,37.75,37.625,19.0,18.0,21.83262548262548,23.72142857142857,21.07837837837838,21.848745173745176,12.0,14.0,10.0,7.0,8.0,5.0,9.25,36.0,-0.9350162426854147,-0.3546048870425359,-1.0,-1.8369701987210297e-16,3
2017-09-17,30.0,18.4,869.0,32.0,21.0,8.0,16.75,21.5,3.0,47.0,36.0,23.007142857142856,69.88416988416989,18.02664092664093,70.1003861003861,3.0,12.0,0.0,16.0,20.0,31.0,25.0,37.0,16.75,16.25,32.0,20.0,27.0,32.5,36.125,13.0,19.0,20.74710424710425,21.093822393822396,21.18590733590733,20.750723938223942,12.0,0.0,9.0,10.0,12.0,7.0,9.5,37.0,-0.970941817426052,-0.23931566428755774,-1.0,-1.8369701987210297e-16,3
2017-09-24,19.0,18.0,721.0,36.0,30.0,30.0,19.25,18.4,3.0,47.0,36.0,20.136486486486486,73.27606177606177,16.445752895752896,69.88416988416989,3.0,12.0,0.0,20.0,23.0,7.0,31.0,29.0,19.25,16.125,36.0,32.0,20.0,32.25,36.625,21.0,13.0,19.32934362934363,21.83262548262548,22.358108108108105,19.98392857142857,12.0,0.0,16.0,9.0,7.0,2.0,10.5,38.0,-0.992708874098054,-0.12053668025532357,-1.0,-1.8369701987210297e-16,3
2017-10-01,98.0,4.0,529.0,40.0,15.0,19.0,18.25,18.0,3.0,47.0,36.0,21.07837837837838,71.63513513513514,15.106756756756758,73.27606177606177,8.0,11.0,18.0,132.0,16.0,13.0,20.0,38.0,18.25,17.625,40.0,36.0,32.0,28.75,36.25,30.0,21.0,18.02664092664093,20.74710424710425,21.31949806949807,18.637210424710425,12.0,0.0,20.0,16.0,10.0,12.0,13.75,39.0,-1.0,-1.8369701987210297e-16,-0.8660254037844386,0.5000000000000001,3
2017-10-08,49.0,12.0,347.0,21.0,51.0,98.0,38.75,4.0,8.0,47.0,36.0,21.18590733590733,73.61583011583012,15.778957528957529,71.63513513513514,8.0,11.0,0.0,189.0,8.0,12.0,47.0,46.0,38.75,28.25,21.0,40.0,36.0,32.0,34.875,15.0,30.0,16.445752895752896,19.32934362934363,23.72142857142857,17.227123552123555,11.0,18.0,132.0,20.0,9.0,8.0,44.25,40.0,-0.992708874098054,0.1205366802553232,-0.8660254037844386,0.5000000000000001,3
2017-10-15,52.0,13.5,228.0,18.0,69.0,49.0,49.0,12.0,8.0,57.99999999999999,37.0,22.358108108108105,73.65444015444017,14.098841698841698,73.61583011583012,8.0,11.0,0.0,345.0,30.0,20.0,58.0,59.0,49.0,32.875,18.0,21.0,40.0,32.25,32.375,51.0,15.0,15.106756756756758,18.02664092664093,21.093822393822396,16.339527027027028,11.0,0.0,189.0,132.0,16.0,12.0,89.25,41.0,-0.9709418174260521,0.23931566428755738,-0.8660254037844386,0.5000000000000001,3
2017-10-22,44.0,10.0,128.0,11.0,60.0,52.0,54.5,13.5,8.0,57.99999999999999,37.0,21.31949806949807,80.20849420849422,14.995945945945946,73.65444015444017,8.0,11.0,0.0,562.0,19.0,23.0,17.875,47.0,54.5,36.875,11.0,18.0,21.0,28.75,30.5,69.0,51.0,15.778957528957529,16.445752895752896,21.83262548262548,15.35757722007722,11.0,0.0,345.0,189.0,20.0,7.0,171.5,42.0,-0.9350162426854148,0.35460488704253557,-0.8660254037844386,0.5000000000000001,3
2017-10-29,73.0,12.5,78.0,14.0,102.0,44.0,60.75,10.0,8.0,57.99999999999999,37.0,23.72142857142857,78.0907335907336,14.668146718146716,80.20849420849422,8.0,11.0,0.0,767.0,98.0,16.0,48.0,29.0,60.75,39.5,14.0,11.0,18.0,22.5,25.625,60.0,69.0,14.098841698841698,15.106756756756758,20.74710424710425,14.995125482625483,11.0,0.0,562.0,345.0,132.0,10.0,307.0,43.0,-0.8854560256532101,0.464723172043768,-0.8660254037844386,0.5000000000000001,3
2017-11-05,35.0,12.2,76.0,27.0,124.0,73.0,54.5,12.5,8.0,57.99999999999999,37.0,21.0938223938224,79.64864864864865,12.042857142857144,78.0907335907336,9.0,13.0,21.0,1041.0,49.0,8.0,44.0,42.0,54.5,46.625,27.0,14.0,11.0,16.0,24.0,102.0,60.0,14.995945945945946,15.778957528957529,19.32934362934363,14.885472972972972,11.0,0.0,767.0,562.0,189.0,9.0,465.75,44.0,-0.822983865893657,0.5680647467311548,-0.5000000000000004,0.8660254037844384,3
2017-11-12,51.0,8.5,62.0,19.0,187.0,35.0,51.0,12.2,9.0,57.99999999999999,37.0,21.83262548262548,82.39189189189189,9.855212355212355,79.64864864864865,9.0,13.0,0.0,1378.0,52.0,30.0,24.0,36.0,51.0,50.0,19.0,27.0,14.0,17.5,24.875,124.0,102.0,14.668146718146716,14.098841698841698,18.02664092664093,13.951447876447876,13.0,21.0,1041.0,767.0,345.0,16.0,678.75,45.0,-0.7485107481711011,0.6631226582407952,-0.5000000000000004,0.8660254037844384,3
2017-11-19,69.0,8.9,49.0,32.0,281.0,51.0,50.75,8.5,9.0,91.0,59.0,20.74710424710425,81.74710424710426,7.971042471042471,82.39189189189189,9.0,13.0,0.0,2109.0,44.0,19.0,27.0,22.0,50.75,52.625,32.0,19.0,27.0,17.75,23.25,187.0,124.0,12.042857142857144,14.995945945945946,16.445752895752896,12.890540540540542,13.0,0.0,1378.0,1041.0,562.0,20.0,937.0,46.0,-0.6631226582407955,0.7485107481711007,-0.5000000000000004,0.8660254037844384,3
2017-11-26,21.0,7.0,35.0,41.0,453.0,69.0,57.0,8.9,9.0,91.0,59.0,19.32934362934363,81.72007722007721,7.056370656370656,81.74710424710426,9.0,13.0,0.0,2378.0,73.0,98.0,23.0,48.0,57.0,58.875,41.0,32.0,19.0,23.0,22.75,281.0,187.0,9.855212355212355,14.668146718146716,15.106756756756758,11.134314671814671,13.0,0.0,2109.0,1378.0,767.0,132.0,1323.75,47.0,-0.5680647467311559,0.8229838658936564,-0.5000000000000004,0.8660254037844384,3
2017-12-03,40.0,17.5,43.0,27.0,712.0,21.0,44.0,7.0,9.0,91.0,59.0,18.02664092664093,84.71042471042472,7.661776061776061,81.72007722007721,18.0,13.0,30.666666666666668,2575.0,35.0,49.0,44.0,55.0,44.0,49.25,27.0,41.0,32.0,29.75,22.875,453.0,281.0,7.971042471042471,12.042857142857144,15.778957528957529,9.231370656370657,13.0,0.0,2378.0,2109.0,1041.0,189.0,1726.5,48.0,-0.4647231720437684,0.88545602565321,-2.4492935982947064e-16,1.0,3
2017-12-10,64.0,13.0,30.0,31.0,1340.0,40.0,45.25,17.5,18.0,91.0,59.0,16.445752895752896,82.46911196911196,3.60019305019305,84.71042471042472,18.0,13.0,0.0,2879.0,51.0,52.0,37.0,71.0,45.25,48.125,31.0,27.0,41.0,29.75,23.625,712.0,453.0,7.056370656370656,9.855212355212355,14.098841698841698,8.136100386100386,13.0,30.666666666666668,2575.0,2378.0,1378.0,345.0,2110.0,49.0,-0.35460488704253595,0.9350162426854147,-2.4492935982947064e-16,1.0,3
2017-12-17,34.0,12.0,32.0,51.0,2733.0,64.0,48.5,13.0,18.0,70.0,59.0,15.106756756756758,84.53861003861003,4.364864864864865,82.46911196911196,18.0,13.0,0.0,2863.0,69.0,44.0,40.0,88.0,48.5,49.625,51.0,31.0,27.0,32.75,25.25,1340.0,712.0,7.661776061776061,7.971042471042471,14.995945945945946,6.57234555984556,13.0,0.0,2879.0,2575.0,2109.0,562.0,2485.25,50.0,-0.2393156642875578,0.970941817426052,-2.4492935982947064e-16,1.0,3
2017-12-24,32.0,5.6,30.0,88.0,5290.0,34.0,39.75,12.0,18.0,70.0,59.0,15.778957528957529,86.44787644787644,4.715637065637066,84.53861003861003,18.0,13.0,0.0,2915.0,21.0,73.0,23.0,31.0,39.75,48.375,88.0,51.0,31.0,37.5,30.25,2733.0,1340.0,3.60019305019305,7.056370656370656,14.668146718146716,5.670801158301158,13.0,0.0,2863.0,2879.0,2378.0,767.0,2673.75,51.0,-0.12053668025532363,0.992708874098054,-2.4492935982947064e-16,1.0,3
2017-12-31,63.0,11.0,29.0,82.0,8558.0,32.0,42.5,5.6,18.0,70.0,59.0,14.098841698841698,84.87644787644788,4.49015444015444,86.44787644787644,18.0,13.0,0.0,3126.0,40.0,35.0,39.0,55.25,42.5,43.25,82.0,88.0,51.0,49.25,39.5,5290.0,2733.0,4.364864864864865,7.661776061776061,12.042857142857144,5.085617760617761,13.0,0.0,2915.0,2863.0,2575.0,1041.0,2808.0,52.0,6.432490598706546e-16,1.0,-2.4492935982947064e-16,1.0,3
2018-01-07,39.0,16.0,47.0,170.0,11106.0,63.0,48.25,11.0,18.0,70.0,59.0,14.995945945945946,85.11389961389962,5.884942084942085,84.87644787644788,35.0,28.000000000000004,41.0,2515.0,64.0,51.0,37.0,47.65625,48.25,46.75,170.0,82.0,88.0,63.0,46.375,8558.0,5290.0,4.715637065637066,3.60019305019305,9.855212355212355,4.292712355212355,13.0,0.0,3126.0,2915.0,2879.0,1378.0,2945.75,1.0,0.12053668025532305,0.992708874098054,0.49999999999999994,0.8660254037844387,4
2018-01-14,44.0,6.0,30.0,284.0,10215.0,39.0,42.0,16.0,35.0,70.0,59.0,14.668146718146716,83.73745173745174,6.513513513513514,85.11389961389962,35.0,28.000000000000004,0.0,2311.0,34.0,69.0,25.0,31.66666667,42.0,45.25,284.0,170.0,82.0,97.75,65.25,11106.0,8558.0,4.49015444015444,4.364864864864865,7.971042471042471,4.863899613899614,28.000000000000004,41.0,2515.0,3126.0,2863.0,2109.0,2854.75,2.0,0.23931566428755774,0.970941817426052,0.49999999999999994,0.8660254037844387,4
2018-01-21,75.0,9.5,36.0,437.0,10597.0,44.0,44.5,6.0,35.0,59.0,48.0,12.042857142857144,82.15444015444017,3.1849420849420853,83.73745173745174,35.0,28.000000000000004,0.0,2202.0,32.0,21.0,31.0,45.41666667,44.5,42.125,437.0,284.0,170.0,156.0,96.75,10215.0,11106.0,5.884942084942085,4.715637065637066,7.056370656370656,5.401061776061776,28.000000000000004,0.0,2311.0,2515.0,2915.0,2378.0,2716.75,3.0,0.3546048870425356,0.9350162426854148,0.49999999999999994,0.8660254037844387,4
2018-01-28,47.0,13.0,56.0,428.0,11705.0,75.0,55.25,9.5,35.0,59.0,48.0,9.855212355212355,84.9942084942085,3.75965250965251,82.15444015444017,35.0,28.000000000000004,0.0,1988.0,63.0,40.0,7.0,55.41666667,55.25,48.875,428.0,437.0,284.0,243.25,146.25,10597.0,10215.0,6.513513513513514,4.49015444015444,7.661776061776061,5.0183880308880315,28.000000000000004,0.0,2202.0,2311.0,3126.0,2575.0,2538.5,4.0,0.4647231720437685,0.8854560256532099,0.49999999999999994,0.8660254037844387,4
2018-02-04,34.0,17.4,53.0,619.0,12485.0,47.0,51.25,13.0,35.0,59.0,48.0,7.971042471042471,82.35521235521234,5.033976833976834,84.9942084942085,17.0,18.0,27.666666666666668,1836.0,39.0,64.0,13.0,44.33333333,51.25,49.75,619.0,428.0,437.0,329.75,196.375,11705.0,10597.0,3.1849420849420853,5.884942084942085,3.60019305019305,4.835762548262549,28.000000000000004,0.0,1988.0,2202.0,2515.0,2879.0,2254.0,5.0,0.5680647467311558,0.8229838658936564,0.8660254037844386,0.5000000000000001,4
2018-02-11,71.25,6.66,36.0,817.0,12601.0,34.0,50.0,17.4,17.0,59.0,48.0,7.056370656370656,78.14671814671816,5.013899613899613,82.35521235521234,17.0,18.0,0.0,1840.0,44.0,34.0,12.0,27.0,50.0,46.0,817.0,619.0,428.0,442.0,269.875,12485.0,11705.0,3.75965250965251,6.513513513513514,4.364864864864865,4.623021235521236,18.0,27.666666666666668,1836.0,1988.0,2311.0,2863.0,2084.25,6.0,0.6631226582407952,0.7485107481711011,0.8660254037844386,0.5000000000000001,4
2018-02-18,48.0,6.0,73.0,901.0,13710.0,71.25,56.8125,6.66,17.0,44.0,43.0,7.661776061776061,81.01930501930504,0.9646718146718146,78.14671814671816,17.0,18.0,0.0,1776.0,75.0,32.0,20.0,18.0,56.8125,50.65625,901.0,817.0,619.0,575.25,365.625,12601.0,12485.0,5.033976833976834,3.1849420849420853,4.715637065637066,4.248117760617761,18.0,0.0,1840.0,1836.0,2202.0,2915.0,1966.5,7.0,0.7485107481711011,0.6631226582407953,0.8660254037844386,0.5000000000000001,4
2018-02-25,70.0,11.0,53.0,876.0,12634.0,48.0,50.0625,6.0,17.0,44.0,43.0,3.60019305019305,69.49613899613901,3.1125482625482626,81.01930501930504,17.0,18.0,0.0,1624.0,47.0,63.0,23.0,36.0,50.0625,52.65625,876.0,901.0,817.0,691.25,467.25,13710.0,12601.0,5.013899613899613,3.75965250965251,4.49015444015444,3.693050193050193,18.0,0.0,1776.0,1840.0,1988.0,3126.0,1860.0,8.0,0.8229838658936564,0.5680647467311559,0.8660254037844386,0.5000000000000001,4
2018-03-04,68.0,14.5,37.0,804.0,10752.0,70.0,55.8125,11.0,17.0,44.0,43.0,4.364864864864865,66.41505791505793,1.1281853281853282,69.49613899613901,7.000000000000001,14.000000000000002,20.0,1508.0,34.0,39.0,16.0,48.0,55.8125,53.53125,804.0,876.0,901.0,803.25,566.5,12634.0,13710.0,0.9646718146718146,5.033976833976834,5.884942084942085,3.531274131274131,18.0,0.0,1624.0,1776.0,1836.0,2515.0,1769.0,9.0,0.8854560256532099,0.4647231720437686,1.0,6.123233995736766e-17,4
2018-03-11,68.0,16.4,32.0,960.0,10634.0,68.0,64.3125,14.5,7.000000000000001,44.0,43.0,4.715637065637066,82.65250965250966,-1.9768339768339769,66.41505791505793,7.000000000000001,14.000000000000002,0.0,1254.0,71.25,44.0,8.0,20.0,64.3125,57.15625,960.0,804.0,876.0,849.5,645.75,10752.0,12634.0,3.1125482625482626,5.013899613899613,6.513513513513514,2.554826254826255,14.000000000000002,20.0,1508.0,1624.0,1840.0,2311.0,1687.0,10.0,0.9350162426854148,0.35460488704253557,1.0,6.123233995736766e-17,4
2018-03-18,61.0,24.0,22.0,869.0,8265.0,68.0,63.5,16.4,7.000000000000001,37.0,35.0,4.49015444015444,75.83204633204632,6.565250965250966,82.65250965250966,7.000000000000001,14.000000000000002,0.0,1265.0,48.0,75.0,30.0,25.0,63.5,60.15625,869.0,960.0,804.0,885.25,730.25,10634.0,10752.0,1.1281853281853282,0.9646718146718146,3.1849420849420853,0.8071428571428572,14.000000000000002,0.0,1254.0,1508.0,1776.0,2202.0,1540.5,11.0,0.970941817426052,0.23931566428755804,1.0,6.123233995736766e-17,4
2018-03-25,58.0,17.5,28.0,721.0,6396.0,61.0,66.75,24.0,7.000000000000001,37.0,35.0,5.884942084942085,71.65444015444017,6.04054054054054,75.83204633204632,7.000000000000001,14.000000000000002,0.0,843.0,70.0,47.0,19.0,31.0,66.75,58.40625,721.0,869.0,960.0,877.25,784.25,8265.0,10634.0,-1.9768339768339769,3.1125482625482626,3.75965250965251,2.207287644787645,14.000000000000002,0.0,1265.0,1254.0,1624.0,1988.0,1412.75,12.0,0.992708874098054,0.120536680255323,1.0,6.123233995736766e-17,4
2018-04-01,51.0,21.1,25.0,529.0,4404.0,58.0,63.75,17.5,7.000000000000001,37.0,35.0,6.513513513513514,77.8880308880309,3.2023166023166025,71.65444015444017,4.0,11.0,16.0,799.0,68.0,34.0,98.0,20.0,63.75,59.78125,529.0,721.0,869.0,838.5,820.875,6396.0,8265.0,6.565250965250966,1.1281853281853282,5.033976833976834,2.9392857142857145,14.000000000000002,0.0,843.0,1265.0,1508.0,1836.0,1217.5,13.0,1.0,-1.6081226496766366e-16,0.8660254037844387,-0.4999999999999998,4
2018-04-08,60.0,36.5,30.0,347.0,3215.0,51.0,59.5,21.1,4.0,37.0,35.0,3.1849420849420853,70.81467181467181,6.948455598455598,77.8880308880309,4.0,11.0,0.0,715.0,68.0,71.25,49.0,47.0,59.5,61.90625,347.0,529.0,721.0,769.75,809.625,4404.0,6396.0,6.04054054054054,-1.9768339768339769,5.013899613899613,3.457818532818533,11.0,16.0,799.0,843.0,1254.0,1840.0,1040.25,14.0,0.992708874098054,-0.12053668025532288,0.8660254037844387,-0.4999999999999998,4
2018-04-15,52.0,53.5,14.0,228.0,2130.0,60.0,57.5,36.5,4.0,31.0,35.0,3.75965250965251,76.98455598455598,10.956756756756755,70.81467181467181,4.0,11.0,0.0,461.0,61.0,48.0,52.0,58.0,57.5,60.5,228.0,347.0,529.0,616.5,750.875,3215.0,4404.0,3.2023166023166025,6.565250965250966,0.9646718146718146,5.689140926640927,11.0,0.0,715.0,799.0,1265.0,1776.0,905.5,15.0,0.9709418174260521,-0.2393156642875575,0.8660254037844387,-0.4999999999999998,4
2018-04-22,28.0,38.7,23.0,128.0,1184.0,52.0,55.25,53.5,4.0,31.0,35.0,5.033976833976834,69.26833976833976,13.05965250965251,76.98455598455598,4.0,11.0,0.0,384.0,58.0,70.0,44.0,17.875,55.25,61.0,128.0,228.0,347.0,456.25,666.75,2130.0,3215.0,6.948455598455598,6.04054054054054,3.1125482625482626,6.787017374517374,11.0,0.0,461.0,715.0,843.0,1624.0,704.5,16.0,0.9350162426854148,-0.35460488704253545,0.8660254037844387,-0.4999999999999998,4
2018-04-29,66.0,56.4,18.0,78.0,654.0,28.0,47.75,38.7,4.0,31.0,35.0,5.013899613899613,67.26833976833977,15.439961389961391,69.26833976833976,4.0,11.0,0.0,275.0,51.0,68.0,73.0,48.0,47.75,55.75,78.0,128.0,228.0,308.0,573.25,1184.0,2130.0,10.956756756756755,3.2023166023166025,1.1281853281853282,8.541795366795366,11.0,0.0,384.0,461.0,799.0,1508.0,589.75,17.0,0.8854560256532099,-0.4647231720437685,0.8660254037844387,-0.4999999999999998,4
2018-05-06,26.0,65.0,31.0,76.0,321.0,66.0,51.5,56.4,4.0,31.0,35.0,0.9646718146718146,66.34942084942085,14.74054054054054,67.26833976833977,3.0,7.000000000000001,12.666666666666666,152.0,60.0,68.0,35.0,44.0,51.5,55.5,76.0,78.0,128.0,195.25,482.5,654.0,1184.0,13.05965250965251,6.948455598455598,-1.9768339768339769,11.601206563706564,11.0,0.0,275.0,384.0,715.0,1254.0,458.75,18.0,0.8229838658936565,-0.5680647467311557,0.49999999999999994,-0.8660254037844387,4
2018-05-13,31.0,51.0,32.0,62.0,170.0,26.0,43.0,65.0,3.0,31.0,35.0,3.1125482625482626,65.72779922779922,14.414285714285716,66.34942084942085,3.0,7.000000000000001,0.0,130.0,52.0,61.0,51.0,24.0,43.0,50.25,62.0,76.0,78.0,127.5,372.0,321.0,654.0,15.439961389961391,10.956756756756755,6.565250965250966,13.549227799227799,7.000000000000001,12.666666666666666,152.0,275.0,461.0,1265.0,318.0,19.0,0.7485107481711013,-0.663122658240795,0.49999999999999994,-0.8660254037844387,4
2018-05-20,47.0,39.4,33.0,49.0,100.0,31.0,37.75,51.0,3.0,23.0,34.0,1.1281853281853282,68.54826254826256,17.111003861003862,65.72779922779922,3.0,7.000000000000001,0.0,41.0,28.0,58.0,69.0,27.0,37.75,46.5,49.0,62.0,76.0,86.0,271.125,170.0,321.0,14.74054054054054,13.05965250965251,6.04054054054054,14.413610038610038,7.000000000000001,0.0,130.0,152.0,384.0,843.0,235.25,20.0,0.6631226582407952,-0.7485107481711012,0.49999999999999994,-0.8660254037844387,4
2018-05-27,31.0,37.0,24.0,35.0,38.0,47.0,42.5,39.4,3.0,23.0,34.0,-1.9768339768339769,67.53474903474903,15.502123552123551,68.54826254826256,3.0,7.000000000000001,0.0,18.0,66.0,51.0,21.0,23.0,42.5,45.125,35.0,49.0,62.0,66.25,187.125,100.0,170.0,14.414285714285716,15.439961389961391,3.2023166023166025,15.426447876447877,7.000000000000001,0.0,41.0,130.0,275.0,799.0,149.5,21.0,0.5680647467311558,-0.8229838658936564,0.49999999999999994,-0.8660254037844387,4
2018-06-03,45.0,41.64,24.0,43.0,24.0,31.0,33.75,37.0,3.0,23.0,34.0,6.565250965250966,68.36293436293435,19.017953667953662,67.53474903474903,2.0,9.0,11.666666666666666,30.0,26.0,60.0,40.0,44.0,33.75,42.625,43.0,35.0,49.0,55.5,125.375,38.0,100.0,17.111003861003862,14.74054054054054,6.948455598455598,15.441988416988417,7.000000000000001,0.0,18.0,41.0,152.0,715.0,85.25,22.0,0.46472317204376906,-0.8854560256532096,1.2246467991473532e-16,-1.0,4
2018-06-10,23.0,24.4,25.0,30.0,12.0,45.0,38.5,41.64,2.0,23.0,34.0,6.04054054054054,68.86679536679537,20.749806949806956,68.36293436293435,2.0,9.0,0.0,26.0,31.0,52.0,64.0,37.0,38.5,40.75,30.0,43.0,35.0,47.25,87.375,24.0,38.0,15.502123552123551,14.414285714285716,10.956756756756755,16.511341698841697,9.0,11.666666666666666,30.0,18.0,130.0,461.0,54.75,23.0,0.35460488704253584,-0.9350162426854147,1.2246467991473532e-16,-1.0,4
2018-06-17,16.0,30.4,44.0,32.0,12.0,23.0,36.5,24.4,2.0,17.0,34.0,3.2023166023166025,66.82239382239382,19.73513513513513,68.86679536679537,2.0,9.0,0.0,27.0,47.0,28.0,34.0,40.0,36.5,37.125,32.0,30.0,43.0,39.25,62.625,12.0,24.0,19.017953667953662,17.111003861003862,13.05965250965251,18.095222007722008,9.0,0.0,26.0,30.0,41.0,384.0,28.75,24.0,0.23931566428755768,-0.970941817426052,1.2246467991473532e-16,-1.0,4
2018-06-24,29.0,32.6,41.0,30.0,16.0,16.0,28.75,30.4,2.0,17.0,34.0,6.948455598455598,62.83011583011584,19.543822393822392,66.82239382239382,2.0,9.0,0.0,10.0,31.0,66.0,32.0,23.0,28.75,35.625,30.0,32.0,30.0,35.0,50.625,12.0,12.0,20.749806949806956,15.502123552123551,15.439961389961391,18.751254826254826,9.0,0.0,27.0,26.0,18.0,275.0,25.25,25.0,0.12053668025532308,-0.992708874098054,1.2246467991473532e-16,-1.0,4
2018-07-01,31.0,23.4,72.0,29.0,17.0,29.0,28.25,32.6,2.0,17.0,34.0,10.956756756756755,62.47876447876448,20.12297297297297,62.83011583011584,1.0,7.000000000000001,9.0,8.0,45.0,26.0,63.0,39.0,28.25,31.0,29.0,30.0,32.0,33.75,44.625,16.0,12.0,19.73513513513513,19.017953667953662,14.74054054054054,19.761679536679537,9.0,0.0,10.0,27.0,30.0,152.0,23.25,26.0,-3.216245299353273e-16,-1.0,-0.4999999999999997,-0.8660254037844388,4
2018-07-08,41.0,33.5,67.0,47.0,9.0,31.0,24.75,23.4,1.0,17.0,34.0,13.05965250965251,60.33011583011582,20.48513513513513,62.47876447876448,1.0,7.000000000000001,0.0,22.0,23.0,31.0,39.0,37.0,24.75,31.625,47.0,29.0,30.0,30.25,38.75,17.0,16.0,19.543822393822392,20.749806949806956,14.414285714285716,20.03793436293436,7.000000000000001,9.0,8.0,10.0,26.0,130.0,17.75,27.0,-0.12053668025532283,-0.992708874098054,-0.4999999999999997,-0.8660254037844388,4
2018-07-15,11.0,23.4,96.0,30.0,7.0,41.0,29.25,33.5,1.0,25.0,36.0,15.439961389961391,63.5965250965251,21.97220077220077,60.33011583011582,1.0,7.000000000000001,0.0,8.0,16.0,47.0,44.0,25.0,29.25,32.875,30.0,47.0,29.0,34.5,36.875,9.0,17.0,20.12297297297297,19.73513513513513,17.111003861003862,19.971766409266408,7.000000000000001,0.0,22.0,8.0,27.0,41.0,16.75,28.0,-0.23931566428755743,-0.9709418174260521,-0.4999999999999997,-0.8660254037844388,4
2018-07-22,24.0,29.0,73.0,36.0,16.0,11.0,28.0,23.4,1.0,25.0,36.0,14.74054054054054,63.50965250965252,21.5972972972973,63.5965250965251,1.0,7.000000000000001,0.0,7.0,29.0,31.0,75.0,31.0,28.0,28.375,36.0,30.0,47.0,34.0,34.5,7.0,9.0,20.48513513513513,19.543822393822392,15.502123552123551,20.531032818532815,7.000000000000001,0.0,8.0,22.0,10.0,18.0,12.0,29.0,-0.3546048870425356,-0.9350162426854148,-0.4999999999999997,-0.8660254037844388,4
2018-07-29,4.0,25.3,88.0,56.0,11.0,24.0,26.75,29.0,1.0,25.0,36.0,14.414285714285716,59.98648648648649,22.40830115830116,63.50965250965252,1.0,7.000000000000001,0.0,16.0,31.0,45.0,47.0,7.0,26.75,27.5,56.0,36.0,30.0,35.5,34.625,16.0,7.0,21.97220077220077,20.12297297297297,19.017953667953662,21.044401544401545,7.000000000000001,0.0,7.0,8.0,8.0,30.0,11.25,30.0,-0.46472317204376806,-0.8854560256532101,-0.4999999999999997,-0.8660254037844388,4
2018-08-05,9.0,29.3,71.0,53.0,19.0,4.0,20.0,25.3,1.0,25.0,36.0,17.111003861003862,57.25868725868726,24.658494208494208,59.98648648648649,2.0,7.000000000000001,9.666666666666666,6.0,41.0,23.0,34.0,13.0,20.0,22.375,53.0,56.0,36.0,42.25,36.25,11.0,16.0,21.5972972972973,20.48513513513513,20.749806949806956,21.61573359073359,7.000000000000001,0.0,16.0,7.0,22.0,26.0,13.25,31.0,-0.5680647467311556,-0.8229838658936566,-0.8660254037844385,-0.5000000000000004,4
2018-08-12,13.0,23.0,119.0,36.0,13.0,9.0,12.0,29.3,2.0,25.0,36.0,15.502123552123551,56.5984555984556,25.53822393822394,57.25868725868726,2.0,7.000000000000001,0.0,11.0,11.0,16.0,71.25,12.0,12.0,20.625,36.0,53.0,56.0,43.75,39.125,19.0,11.0,22.40830115830116,21.97220077220077,19.73513513513513,22.65907335907336,7.000000000000001,9.666666666666666,6.0,16.0,8.0,27.0,9.25,32.0,-0.663122658240795,-0.7485107481711013,-0.8660254037844385,-0.5000000000000004,4
2018-08-19,28.0,20.0,154.0,73.0,17.0,13.0,12.5,23.0,2.0,44.0,39.0,19.017953667953662,63.92277992277992,23.64131274131274,56.5984555984556,2.0,7.000000000000001,0.0,19.0,24.0,29.0,48.0,20.0,12.5,20.25,73.0,36.0,53.0,45.25,39.625,13.0,19.0,24.658494208494208,21.5972972972973,19.543822393822392,23.55057915057915,7.000000000000001,0.0,11.0,6.0,7.0,10.0,10.0,33.0,-0.7485107481711011,-0.6631226582407952,-0.8660254037844385,-0.5000000000000004,4
2018-08-26,79.0,24.8,200.0,53.0,7.0,28.0,13.5,20.0,2.0,44.0,39.0,20.74980694980696,61.36100386100386,22.350579150579154,63.92277992277992,2.0,7.000000000000001,0.0,24.0,4.0,31.0,70.0,23.0,13.5,20.125,53.0,73.0,36.0,54.5,45.0,17.0,13.0,25.53822393822394,22.40830115830116,20.12297297297297,24.061583011583014,7.000000000000001,0.0,19.0,11.0,16.0,8.0,13.0,34.0,-0.8229838658936564,-0.5680647467311559,-0.8660254037844385,-0.5000000000000004,4
2018-09-02,36.0,17.0,210.0,37.0,9.0,79.0,32.25,24.8,2.0,44.0,39.0,19.73513513513513,62.64478764478765,21.621814671814672,61.36100386100386,3.0,9.0,12.666666666666666,18.0,9.0,41.0,68.0,16.0,32.25,26.125,37.0,53.0,73.0,53.75,48.0,7.0,17.0,23.64131274131274,24.658494208494208,20.48513513513513,24.04715250965251,7.000000000000001,0.0,24.0,19.0,6.0,22.0,15.0,35.0,-0.8854560256532096,-0.4647231720437691,-1.0,-1.8369701987210297e-16,4
2018-09-09,43.0,21.7,174.0,32.0,14.0,36.0,39.0,17.0,3.0,44.0,39.0,19.543822393822392,69.08108108108108,20.34266409266409,62.64478764478765,3.0,9.0,0.0,27.0,13.0,11.0,68.0,8.0,39.0,25.5,32.0,37.0,53.0,49.75,46.75,9.0,7.0,22.350579150579154,25.53822393822394,21.97220077220077,23.287982625482627,9.0,12.666666666666666,18.0,24.0,11.0,8.0,18.0,36.0,-0.9350162426854147,-0.3546048870425359,-1.0,-1.8369701987210297e-16,4
2018-09-16,42.0,17.4,252.0,22.0,9.0,43.0,46.5,21.7,3.0,60.0,44.0,20.12297297297297,67.4942084942085,19.878185328185328,69.08108108108108,3.0,9.0,0.0,29.0,28.0,24.0,61.0,30.0,46.5,29.5,22.0,32.0,37.0,48.75,47.0,14.0,9.0,21.621814671814672,23.64131274131274,21.5972972972973,21.989092664092666,9.0,0.0,27.0,18.0,19.0,7.0,22.0,37.0,-0.970941817426052,-0.23931566428755774,-1.0,-1.8369701987210297e-16,4
2018-09-23,47.0,28.0,240.0,28.0,14.0,42.0,50.0,17.4,3.0,60.0,44.0,20.48513513513513,64.65637065637065,19.335135135135136,67.4942084942085,3.0,9.0,0.0,40.0,79.0,4.0,58.0,19.0,50.0,31.75,28.0,22.0,32.0,36.0,45.25,9.0,14.0,20.34266409266409,22.350579150579154,22.40830115830116,21.04831081081081,9.0,0.0,29.0,27.0,24.0,16.0,24.5,38.0,-0.992708874098054,-0.12053668025532357,-1.0,-1.8369701987210297e-16,4
2018-09-30,67.0,17.0,170.0,25.0,8.0,47.0,42.0,28.0,3.0,60.0,44.0,21.97220077220077,62.1003861003861,19.60135135135135,64.65637065637065,3.0,9.0,0.0,181.0,36.0,9.0,51.0,98.0,42.0,37.125,25.0,28.0,22.0,29.75,41.75,14.0,9.0,19.878185328185328,21.621814671814672,24.658494208494208,20.294449806949807,9.0,0.0,40.0,29.0,18.0,6.0,28.5,39.0,-1.0,-1.8369701987210297e-16,-1.0,-1.8369701987210297e-16,4
2018-10-07,63.0,9.1,183.0,30.0,31.0,67.0,49.75,17.0,3.0,60.0,44.0,21.5972972972973,67.80115830115831,14.406563706563706,62.1003861003861,11.0,19.0,21.666666666666668,208.0,43.0,13.0,60.0,49.0,49.75,44.375,30.0,25.0,28.0,26.75,38.25,8.0,14.0,19.335135135135136,20.34266409266409,25.53822393822394,19.789333976833976,9.0,0.0,181.0,40.0,27.0,11.0,69.25,40.0,-0.992708874098054,0.1205366802553232,-0.8660254037844386,0.5000000000000001,4
2018-10-14,56.0,22.0,118.0,14.0,50.0,63.0,54.75,9.1,11.0,60.0,44.0,22.40830115830116,72.0,14.388803088803089,67.80115830115831,11.0,19.0,0.0,399.0,42.0,28.0,52.0,52.0,54.75,50.625,14.0,30.0,25.0,26.25,37.5,31.0,8.0,19.60135135135135,19.878185328185328,23.64131274131274,18.30530888030888,19.0,21.666666666666668,208.0,181.0,29.0,19.0,114.5,41.0,-0.9709418174260521,0.23931566428755738,-0.8660254037844386,0.5000000000000001,4
2018-10-21,67.0,25.0,83.0,23.0,69.0,56.0,58.25,22.0,11.0,59.0,43.0,24.658494208494208,75.77220077220078,15.70135135135135,72.0,11.0,19.0,0.0,558.0,47.0,79.0,28.0,44.0,58.25,54.125,23.0,14.0,30.0,24.25,30.125,50.0,31.0,14.406563706563706,19.335135135135136,22.350579150579154,16.932963320463323,19.0,0.0,399.0,208.0,40.0,24.0,207.0,42.0,-0.9350162426854148,0.35460488704253557,-0.8660254037844386,0.5000000000000001,4
2018-10-28,116.0,14.8,59.0,18.0,77.0,67.0,63.25,25.0,11.0,59.0,43.0,25.53822393822394,74.94015444015443,14.103861003861004,75.77220077220078,11.0,19.0,0.0,873.0,67.0,36.0,66.0,73.0,63.25,52.625,18.0,23.0,14.0,23.0,26.375,69.0,50.0,14.388803088803089,19.60135135135135,21.621814671814672,16.024517374517373,19.0,0.0,558.0,399.0,181.0,18.0,336.5,43.0,-0.8854560256532101,0.464723172043768,-0.8660254037844386,0.5000000000000001,4
2018-11-04,46.0,12.3,43.0,31.0,97.0,116.0,75.5,14.8,11.0,59.0,43.0,23.64131274131274,80.0,10.964092664092664,74.94015444015443,10.0,14.000000000000002,22.0,1114.0,63.0,43.0,26.0,35.0,75.5,62.625,31.0,18.0,23.0,21.25,24.0,77.0,69.0,15.70135135135135,14.406563706563706,20.34266409266409,14.650144787644786,19.0,0.0,873.0,558.0,208.0,27.0,509.5,44.0,-0.822983865893657,0.5680647467311548,-0.5000000000000004,0.8660254037844384,4
2018-11-11,93.0,8.9,53.0,32.0,179.0,46.0,71.25,12.3,10.0,59.0,43.0,22.350579150579154,84.54826254826256,10.408108108108108,80.0,10.0,14.000000000000002,0.0,1558.0,56.0,42.0,31.0,51.0,71.25,63.0,32.0,31.0,18.0,21.5,23.875,97.0,77.0,14.103861003861004,14.388803088803089,19.878185328185328,13.789527027027027,14.000000000000002,22.0,1114.0,873.0,399.0,29.0,736.0,45.0,-0.7485107481711011,0.6631226582407952,-0.5000000000000004,0.8660254037844384,4
2018-11-18,100.0,7.4,70.0,33.0,205.0,93.0,80.5,8.9,10.0,72.0,52.0,21.621814671814672,84.98069498069499,10.665444015444017,84.54826254826256,10.0,14.000000000000002,0.0,2146.0,67.0,47.0,47.0,69.0,80.5,69.375,33.0,32.0,31.0,26.0,25.125,179.0,97.0,10.964092664092664,15.70135135135135,19.335135135135136,12.794353281853283,14.000000000000002,0.0,1558.0,1114.0,558.0,40.0,1025.75,46.0,-0.6631226582407955,0.7485107481711007,-0.5000000000000004,0.8660254037844384,4
2018-11-25,67.0,11.3,113.0,24.0,227.0,100.0,88.75,7.4,10.0,72.0,52.0,20.34266409266409,87.20270270270271,7.691891891891892,84.98069498069499,10.0,14.000000000000002,0.0,2951.0,116.0,67.0,31.0,21.0,88.75,76.0,24.0,33.0,32.0,28.5,25.75,205.0,179.0,10.408108108108108,14.103861003861004,19.60135135135135,11.535376447876448,14.000000000000002,0.0,2146.0,1558.0,873.0,181.0,1422.75,47.0,-0.5680647467311559,0.8229838658936564,-0.5000000000000004,0.8660254037844384,4
2018-12-02,70.0,24.5,117.0,24.0,359.0,67.0,76.5,11.3,10.0,72.0,52.0,19.878185328185328,82.2065637065637,4.58938223938224,87.20270270270271,8.0,13.0,23.333333333333332,3423.0,46.0,63.0,45.0,40.0,76.5,76.0,24.0,24.0,33.0,30.0,25.625,227.0,205.0,10.665444015444017,10.964092664092664,14.406563706563706,9.93238416988417,14.000000000000002,0.0,2951.0,2146.0,1114.0,208.0,1942.25,48.0,-0.4647231720437684,0.88545602565321,-2.4492935982947064e-16,1.0,4
2018-12-09,56.0,9.0,189.0,25.0,650.0,70.0,82.5,24.5,8.0,72.0,52.0,19.335135135135136,87.13513513513513,4.535135135135135,82.2065637065637,8.0,13.0,0.0,3282.0,93.0,56.0,23.0,64.0,82.5,76.875,25.0,24.0,24.0,28.25,24.875,359.0,227.0,7.691891891891892,10.408108108108108,14.388803088803089,8.338706563706564,13.0,23.333333333333332,3423.0,2951.0,1558.0,399.0,2519.5,49.0,-0.35460488704253595,0.9350162426854147,-2.4492935982947064e-16,1.0,4
2018-12-16,98.0,10.8,129.0,44.0,1020.0,56.0,73.25,9.0,8.0,96.0,61.0,19.60135135135135,85.14478764478766,7.026061776061775,87.13513513513513,8.0,13.0,0.0,3477.0,100.0,67.0,16.0,34.0,73.25,76.875,44.0,25.0,24.0,26.5,26.25,650.0,359.0,4.58938223938224,10.665444015444017,15.70135135135135,6.870463320463321,13.0,0.0,3282.0,3423.0,2146.0,558.0,2950.5,50.0,-0.2393156642875578,0.970941817426052,-2.4492935982947064e-16,1.0,4
2018-12-23,58.0,9.0,145.0,41.0,1964.0,98.0,72.75,10.8,8.0,96.0,61.0,14.406563706563706,88.50772200772201,2.854826254826255,85.14478764478766,8.0,13.0,0.0,3199.0,67.0,116.0,29.0,32.0,72.75,80.75,41.0,44.0,25.0,29.25,28.875,1020.0,650.0,4.535135135135135,7.691891891891892,14.103861003861004,5.960617760617761,13.0,0.0,3477.0,3282.0,2951.0,873.0,3283.25,51.0,-0.12053668025532363,0.992708874098054,-2.4492935982947064e-16,1.0,4
2018-12-30,96.0,10.3,109.0,72.0,2817.0,58.0,70.5,9.0,8.0,96.0,61.0,14.388803088803089,87.27992277992279,5.0679536679536685,88.50772200772201,8.0,13.0,0.0,3676.0,70.0,46.0,31.0,63.0,70.5,73.5,72.0,41.0,44.0,33.5,31.75,1964.0,1020.0,7.026061776061775,4.58938223938224,10.964092664092664,4.751351351351351,13.0,0.0,3199.0,3477.0,3423.0,1114.0,3345.25,52.0,6.432490598706546e-16,1.0,-2.4492935982947064e-16,1.0,4
2019-01-06,54.0,11.0,87.0,67.0,3894.0,96.0,77.0,10.3,8.0,96.0,61.0,15.70135135135135,78.21428571428571,4.127413127413128,87.27992277992279,29.0,23.0,36.666666666666664,3266.0,56.0,93.0,41.0,39.0,77.0,79.75,67.0,72.0,41.0,45.5,36.875,2817.0,1964.0,2.854826254826255,4.535135135135135,10.408108108108108,4.870994208494208,13.0,0.0,3676.0,3199.0,3282.0,1558.0,3408.5,1.0,0.12053668025532305,0.992708874098054,0.49999999999999994,0.8660254037844387,5
2019-01-13,50.0,6.0,102.0,96.0,5712.0,54.0,76.5,11.0,29.0,96.0,61.0,14.103861003861004,82.69691119691119,3.018532818532819,78.21428571428571,29.0,23.0,0.0,2836.0,98.0,100.0,11.0,44.0,76.5,74.875,96.0,67.0,72.0,56.0,41.25,3894.0,2817.0,5.0679536679536685,7.026061776061775,10.665444015444017,4.769063706563706,23.0,36.666666666666664,3266.0,3676.0,3477.0,2146.0,3404.5,2.0,0.23931566428755774,0.970941817426052,0.49999999999999994,0.8660254037844387,5
2019-01-20,121.0,13.0,125.0,73.0,8024.0,50.0,64.5,6.0,29.0,63.0,56.00000000000001,10.964092664092664,82.60617760617761,2.545752895752896,82.69691119691119,29.0,23.0,0.0,2946.0,58.0,67.0,24.0,75.0,64.5,68.625,73.0,96.0,67.0,69.0,49.125,5712.0,3894.0,4.127413127413128,2.854826254826255,7.691891891891892,3.767181467181467,23.0,0.0,2836.0,3266.0,3199.0,2951.0,3244.25,3.0,0.3546048870425356,0.9350162426854148,0.49999999999999994,0.8660254037844387,5
2019-01-27,93.0,9.0,97.0,88.0,11865.0,121.0,80.25,13.0,29.0,63.0,56.00000000000001,10.408108108108108,82.3976833976834,2.737644787644787,82.60617760617761,29.0,23.0,0.0,2824.0,96.0,70.0,4.0,47.0,80.25,75.375,88.0,73.0,96.0,77.0,55.25,8024.0,5712.0,3.018532818532819,5.0679536679536685,4.58938223938224,3.689913127413128,23.0,0.0,2946.0,2836.0,3676.0,3423.0,3181.0,4.0,0.4647231720437685,0.8854560256532099,0.49999999999999994,0.8660254037844387,5
2019-02-03,131.0,13.7,110.0,71.0,15068.0,93.0,79.5,9.0,29.0,63.0,56.00000000000001,10.665444015444017,84.7876447876448,1.262162162162162,82.3976833976834,21.0,16.0,28.666666666666668,2786.0,54.0,56.0,9.0,34.0,79.5,78.25,71.0,88.0,73.0,81.0,63.25,11865.0,8024.0,2.545752895752896,4.127413127413128,4.535135135135135,3.1073359073359077,23.0,0.0,2824.0,2946.0,3266.0,3282.0,2968.0,5.0,0.5680647467311558,0.8229838658936564,0.8660254037844386,0.5000000000000001,5
2019-02-10,62.0,15.7,106.0,119.0,17226.0,131.0,98.75,13.7,21.0,63.0,56.00000000000001,7.691891891891892,80.06756756756758,2.9953667953667957,84.7876447876448,21.0,16.0,0.0,2563.0,50.0,98.0,13.0,71.25,98.75,87.625,119.0,71.0,88.0,82.0,69.0,15068.0,11865.0,2.737644787644787,3.018532818532819,7.026061776061775,2.391023166023166,16.0,28.666666666666668,2786.0,2824.0,2836.0,3477.0,2848.0,6.0,0.6631226582407952,0.7485107481711011,0.8660254037844386,0.5000000000000001,5
2019-02-17,35.0,16.6,104.0,154.0,16106.0,62.0,101.75,15.7,21.0,50.0,46.0,4.58938223938224,76.52316602316603,5.273745173745174,80.06756756756758,21.0,16.0,0.0,2276.0,121.0,58.0,28.0,48.0,101.75,83.125,154.0,119.0,71.0,87.75,78.375,17226.0,15068.0,1.262162162162162,2.545752895752896,2.854826254826255,2.38523166023166,16.0,0.0,2563.0,2786.0,2946.0,3199.0,2779.75,7.0,0.7485107481711011,0.6631226582407953,0.8660254037844386,0.5000000000000001,5
2019-02-24,31.0,13.3,125.0,200.0,12586.0,35.0,80.25,16.6,21.0,50.0,46.0,4.535135135135135,72.06177606177606,5.288610038610039,76.52316602316603,21.0,16.0,0.0,1893.0,93.0,96.0,79.0,70.0,80.25,80.25,200.0,154.0,119.0,108.0,92.5,16106.0,17226.0,2.9953667953667957,2.737644787644787,5.0679536679536685,3.0672297297297297,16.0,0.0,2276.0,2563.0,2824.0,3676.0,2612.25,8.0,0.8229838658936564,0.5680647467311559,0.8660254037844386,0.5000000000000001,5
2019-03-03,57.0,23.9,134.0,210.0,8432.0,31.0,64.75,13.3,21.0,50.0,46.0,7.026061776061775,71.29536679536679,5.818146718146719,72.06177606177606,7.000000000000001,12.0,19.333333333333332,1539.0,131.0,54.0,36.0,68.0,64.75,72.125,210.0,200.0,154.0,136.0,108.5,12586.0,16106.0,5.273745173745174,1.262162162162162,4.127413127413128,3.7049710424710423,16.0,0.0,1893.0,2276.0,2786.0,3266.0,2379.5,9.0,0.8854560256532099,0.4647231720437686,1.0,6.123233995736766e-17,5
2019-03-10,26.0,32.6,97.0,174.0,5818.0,57.0,46.25,23.9,7.000000000000001,50.0,46.0,2.854826254826255,72.26061776061776,7.502316602316602,71.29536679536679,7.000000000000001,12.0,0.0,1367.0,62.0,50.0,43.0,68.0,46.25,72.5,174.0,210.0,200.0,170.75,126.375,8432.0,12586.0,5.288610038610039,2.9953667953667957,3.018532818532819,4.843967181467182,12.0,19.333333333333332,1539.0,1893.0,2563.0,2836.0,2067.75,10.0,0.9350162426854148,0.35460488704253557,1.0,6.123233995736766e-17,5
2019-03-17,88.0,32.0,111.0,252.0,4222.0,26.0,37.25,32.6,7.000000000000001,40.0,48.0,5.0679536679536685,70.08108108108108,9.16138996138996,72.26061776061776,7.000000000000001,12.0,0.0,1026.0,35.0,121.0,42.0,61.0,37.25,69.5,252.0,174.0,210.0,184.5,136.125,5818.0,8432.0,5.818146718146719,5.273745173745174,2.545752895752896,5.970704633204633,12.0,0.0,1367.0,1539.0,2276.0,2946.0,1768.75,11.0,0.970941817426052,0.23931566428755804,1.0,6.123233995736766e-17,5
2019-03-24,74.0,48.0,74.0,240.0,3212.0,88.0,50.5,32.0,7.000000000000001,40.0,48.0,4.127413127413128,69.81274131274131,8.20096525096525,70.08108108108108,7.000000000000001,12.0,0.0,815.0,31.0,93.0,47.0,58.0,50.5,65.375,240.0,252.0,174.0,209.0,158.5,4222.0,5818.0,7.502316602316602,5.288610038610039,2.737644787644787,6.942615830115829,12.0,0.0,1026.0,1367.0,1893.0,2824.0,1456.25,12.0,0.992708874098054,0.120536680255323,1.0,6.123233995736766e-17,5
2019-03-31,53.0,49.5,81.0,170.0,2246.0,74.0,61.25,48.0,7.000000000000001,40.0,48.0,3.018532818532819,66.53474903474903,8.826061776061776,69.81274131274131,7.000000000000001,12.0,0.0,670.0,57.0,131.0,67.0,51.0,61.25,63.0,170.0,240.0,252.0,219.0,177.5,3212.0,4222.0,9.16138996138996,5.818146718146719,1.262162162162162,7.6707046332046325,12.0,0.0,815.0,1026.0,1539.0,2786.0,1186.75,13.0,1.0,-1.6081226496766366e-16,1.0,6.123233995736766e-17,5
2019-04-07,51.0,57.6,98.0,183.0,1670.0,53.0,60.25,49.5,7.000000000000001,40.0,48.0,2.545752895752896,65.57722007722008,9.1,66.53474903474903,4.0,9.0,16.0,519.0,26.0,62.0,63.0,60.0,60.25,53.25,183.0,170.0,240.0,209.0,189.875,2246.0,3212.0,8.20096525096525,7.502316602316602,2.9953667953667957,8.422683397683397,12.0,0.0,670.0,815.0,1367.0,2563.0,969.5,14.0,0.992708874098054,-0.12053668025532288,0.8660254037844387,-0.4999999999999998,5
2019-04-14,42.0,40.5,144.0,118.0,1297.0,51.0,66.5,57.6,4.0,40.0,48.0,2.737644787644787,69.20463320463321,9.68841698841699,65.57722007722008,4.0,9.0,0.0,351.0,88.0,35.0,56.0,52.0,66.5,51.875,118.0,183.0,170.0,211.25,197.875,1670.0,2246.0,8.826061776061776,9.16138996138996,5.273745173745174,8.822104247104246,9.0,16.0,519.0,670.0,1026.0,2276.0,757.5,15.0,0.9709418174260521,-0.2393156642875575,0.8660254037844387,-0.4999999999999998,5
2019-04-21,36.0,33.2,178.0,83.0,934.0,42.0,55.0,40.5,4.0,33.0,41.0,1.262162162162162,62.067567567567565,8.205019305019304,69.20463320463321,4.0,9.0,0.0,277.0,74.0,31.0,67.0,28.0,55.0,52.75,83.0,118.0,183.0,177.75,193.375,1297.0,1670.0,9.1,8.20096525096525,5.288610038610039,8.953861003861004,9.0,0.0,351.0,519.0,815.0,1893.0,588.75,16.0,0.9350162426854148,-0.35460488704253545,0.8660254037844387,-0.4999999999999998,5
2019-04-28,62.0,36.4,210.0,59.0,717.0,36.0,45.5,33.2,4.0,33.0,41.0,2.995366795366796,65.76640926640927,12.17934362934363,62.067567567567565,4.0,9.0,0.0,162.0,53.0,57.0,116.0,66.0,45.5,53.375,59.0,83.0,118.0,138.5,178.75,934.0,1297.0,9.68841698841699,8.826061776061776,5.818146718146719,8.954874517374517,9.0,0.0,277.0,351.0,670.0,1539.0,454.25,17.0,0.8854560256532099,-0.4647231720437685,0.8660254037844387,-0.4999999999999998,5
2019-05-05,64.0,45.4,222.0,43.0,379.0,62.0,47.75,36.4,4.0,33.0,41.0,5.273745173745174,68.3030888030888,13.942084942084945,65.76640926640927,3.0,9.0,14.333333333333334,105.0,51.0,26.0,46.0,26.0,47.75,54.0,43.0,59.0,83.0,110.75,159.875,717.0,934.0,8.205019305019304,9.1,7.502316602316602,9.793194980694981,9.0,0.0,162.0,277.0,519.0,1367.0,327.25,18.0,0.8229838658936565,-0.5680647467311557,0.49999999999999994,-0.8660254037844387,5
2019-05-12,123.0,24.0,257.0,53.0,263.0,64.0,51.0,45.4,3.0,33.0,41.0,5.288610038610039,67.63320463320464,11.88976833976834,68.3030888030888,3.0,9.0,0.0,81.0,42.0,88.0,93.0,31.0,51.0,58.75,53.0,43.0,59.0,75.75,143.5,379.0,717.0,12.17934362934363,9.68841698841699,9.16138996138996,11.003716216216217,9.0,14.333333333333334,105.0,162.0,351.0,1026.0,223.75,19.0,0.7485107481711013,-0.663122658240795,0.49999999999999994,-0.8660254037844387,5
2019-05-19,61.29166667,23.4,385.0,70.0,217.0,123.0,71.25,24.0,3.0,25.0,45.0,5.818146718146719,68.94208494208495,12.3496138996139,67.63320463320464,3.0,9.0,0.0,36.0,36.0,74.0,100.0,47.0,71.25,63.125,70.0,53.0,43.0,59.5,118.625,263.0,379.0,13.942084942084945,8.205019305019304,8.20096525096525,11.554054054054054,9.0,0.0,81.0,105.0,277.0,815.0,156.25,20.0,0.6631226582407952,-0.7485107481711012,0.49999999999999994,-0.8660254037844387,5
2019-05-26,65.0,34.0,686.0,113.0,183.0,61.29166667,77.5729166675,23.4,3.0,25.0,45.0,7.502316602316602,70.34555984555985,14.052123552123552,68.94208494208495,3.0,9.0,0.0,24.0,62.0,53.0,67.0,31.0,77.5729166675,61.53645833375,113.0,70.0,53.0,56.25,97.375,217.0,263.0,11.88976833976834,12.17934362934363,8.826061776061776,12.590202702702703,9.0,0.0,36.0,81.0,162.0,670.0,96.0,21.0,0.5680647467311558,-0.8229838658936564,0.49999999999999994,-0.8660254037844387,5
2019-06-02,27.0,28.0,707.0,117.0,93.0,65.0,78.3229166675,34.0,3.0,25.0,45.0,9.16138996138996,66.23552123552123,16.219111969111967,70.34555984555985,2.0,12.0,12.333333333333334,18.0,64.0,51.0,70.0,45.0,78.3229166675,63.03645833375,117.0,113.0,70.0,69.75,90.25,183.0,217.0,12.3496138996139,13.942084942084945,9.1,13.058397683397684,9.0,0.0,24.0,36.0,105.0,519.0,61.5,22.0,0.46472317204376906,-0.8854560256532096,1.2246467991473532e-16,-1.0,5
2019-06-09,45.0,28.1,912.0,189.0,66.0,27.0,69.0729166675,28.0,2.0,25.0,45.0,8.20096525096525,64.35328185328186,18.165830115830115,66.23552123552123,2.0,12.0,0.0,16.0,123.0,42.0,56.0,23.0,69.0729166675,60.03645833375,189.0,117.0,113.0,88.25,82.0,93.0,183.0,14.052123552123552,11.88976833976834,9.68841698841699,13.62765444015444,12.0,12.333333333333334,18.0,24.0,81.0,351.0,39.75,23.0,0.35460488704253584,-0.9350162426854147,1.2246467991473532e-16,-1.0,5
2019-06-16,23.0,57.0,842.0,129.0,47.0,45.0,49.5729166675,28.1,2.0,18.0,38.0,8.826061776061776,64.1949806949807,19.739189189189197,64.35328185328186,2.0,12.0,0.0,25.0,61.29166667,36.0,98.0,16.0,49.572916667499996,60.41145833375,129.0,189.0,117.0,122.25,90.875,66.0,93.0,16.219111969111967,12.3496138996139,8.205019305019304,15.196669884169884,12.0,0.0,16.0,18.0,36.0,277.0,23.5,24.0,0.23931566428755768,-0.970941817426052,1.2246467991473532e-16,-1.0,5
2019-06-23,32.0,35.94,891.0,145.0,45.0,23.0,40.0,57.0,2.0,18.0,38.0,9.1,62.22972972972973,20.75772200772201,64.1949806949807,2.0,12.0,0.0,18.0,65.0,62.0,58.0,29.0,40.0,58.78645833375,145.0,129.0,189.0,137.0,96.625,47.0,66.0,18.165830115830115,14.052123552123552,12.17934362934363,17.04406370656371,12.0,0.0,25.0,16.0,24.0,162.0,20.75,25.0,0.12053668025532308,-0.992708874098054,1.2246467991473532e-16,-1.0,5
2019-06-30,28.0,27.0,1002.0,109.0,38.0,32.0,31.75,35.94,2.0,18.0,38.0,9.68841698841699,53.46718146718147,21.88320463320463,62.22972972972973,2.0,12.0,0.0,18.0,27.0,64.0,96.0,31.0,31.75,55.03645833375,109.0,145.0,129.0,145.0,107.375,45.0,47.0,19.739189189189197,16.219111969111967,13.942084942084945,18.720463320463324,12.0,0.0,18.0,25.0,18.0,105.0,19.25,26.0,-3.216245299353273e-16,-1.0,1.2246467991473532e-16,-1.0,5
2019-07-07,17.0,28.8,867.0,87.0,29.0,28.0,32.0,27.0,2.0,18.0,38.0,8.205019305019304,55.8011583011583,25.144208494208492,53.46718146718147,2.0,12.0,11.0,15.0,45.0,123.0,54.0,41.0,32.0,50.53645833375,87.0,109.0,145.0,143.0,115.625,38.0,45.0,20.75772200772201,18.165830115830115,11.88976833976834,20.13648648648649,12.0,0.0,18.0,18.0,16.0,81.0,19.25,27.0,-0.12053668025532283,-0.992708874098054,-0.4999999999999997,-0.8660254037844388,5
2019-07-14,15.0,21.0,662.0,102.0,32.0,17.0,25.0,28.8,2.0,18.0,38.0,12.17934362934363,61.91891891891892,21.844787644787647,55.8011583011583,2.0,12.0,0.0,18.0,23.0,61.29166667,50.0,11.0,25.0,37.28645833375,102.0,87.0,109.0,117.5,119.875,29.0,38.0,21.88320463320463,19.739189189189197,12.3496138996139,21.88108108108108,12.0,11.0,15.0,18.0,25.0,36.0,19.0,28.0,-0.23931566428755743,-0.9709418174260521,-0.4999999999999997,-0.8660254037844388,5
2019-07-21,15.0,28.0,607.0,125.0,20.0,15.0,23.0,21.0,2.0,24.0,42.0,13.942084942084945,59.53281853281853,20.413513513513514,61.91891891891892,2.0,12.0,0.0,9.0,32.0,65.0,121.0,24.0,23.0,31.5,125.0,102.0,87.0,110.75,123.875,32.0,29.0,25.144208494208492,20.75772200772201,14.052123552123552,22.4074806949807,12.0,0.0,18.0,15.0,18.0,24.0,17.25,29.0,-0.3546048870425356,-0.9350162426854148,-0.4999999999999997,-0.8660254037844388,5
2019-07-28,30.0,18.4,461.0,97.0,30.0,15.0,18.75,28.0,2.0,24.0,42.0,11.88976833976834,55.66023166023166,21.882046332046333,59.53281853281853,2.0,12.0,0.0,10.0,28.0,27.0,93.0,4.0,18.75,25.25,97.0,125.0,102.0,105.75,125.375,20.0,32.0,21.844787644787647,21.88320463320463,16.219111969111967,22.321428571428573,12.0,0.0,9.0,18.0,18.0,18.0,15.0,30.0,-0.46472317204376806,-0.8854560256532101,-0.4999999999999997,-0.8660254037844388,5
2019-08-04,48.0,19.7,381.0,110.0,28.0,30.0,19.25,18.4,2.0,24.0,42.0,12.3496138996139,64.44980694980696,25.08262548262548,55.66023166023166,2.0,11.0,10.666666666666666,8.0,17.0,45.0,131.0,9.0,19.25,25.625,110.0,97.0,125.0,102.75,122.875,30.0,20.0,20.413513513513514,25.144208494208492,18.165830115830115,22.321138996138995,12.0,0.0,10.0,9.0,15.0,16.0,13.0,31.0,-0.5680647467311556,-0.8229838658936566,-0.8660254037844385,-0.5000000000000004,5
2019-08-11,66.0,20.0,421.0,106.0,21.0,48.0,27.0,19.7,2.0,24.0,42.0,14.052123552123552,61.34555984555984,22.222586872586877,64.44980694980696,2.0,11.0,0.0,29.0,15.0,23.0,62.0,13.0,27.0,26.0,106.0,110.0,97.0,108.5,113.0,28.0,30.0,21.882046332046333,21.844787644787647,19.739189189189197,22.305743243243246,11.0,10.666666666666666,8.0,10.0,18.0,25.0,11.25,32.0,-0.663122658240795,-0.7485107481711013,-0.8660254037844385,-0.5000000000000004,5
2019-08-18,35.0,23.0,428.0,104.0,30.0,66.0,39.75,20.0,2.0,43.0,48.0,16.219111969111967,61.53088803088803,22.86833976833977,61.34555984555984,2.0,11.0,0.0,23.0,15.0,32.0,35.0,28.0,39.75,31.375,104.0,106.0,110.0,109.5,110.125,21.0,28.0,25.08262548262548,20.413513513513514,20.75772200772201,22.400193050193053,11.0,0.0,29.0,8.0,9.0,18.0,14.0,33.0,-0.7485107481711011,-0.6631226582407952,-0.8660254037844385,-0.5000000000000004,5
2019-08-25,24.0,20.5,476.0,125.0,34.0,35.0,44.75,23.0,2.0,43.0,48.0,18.165830115830115,58.754826254826256,21.203861003861,61.53088803088803,2.0,11.0,0.0,31.0,30.0,28.0,31.0,79.0,44.75,31.75,125.0,104.0,106.0,104.25,105.0,30.0,21.0,22.222586872586877,21.882046332046333,21.88320463320463,23.013899613899614,11.0,0.0,23.0,29.0,10.0,18.0,17.5,34.0,-0.8229838658936564,-0.5680647467311559,-0.8660254037844385,-0.5000000000000004,5
2019-09-01,15.0,27.1,359.0,134.0,33.0,24.0,43.25,20.5,2.0,43.0,48.0,19.7391891891892,59.24131274131275,22.081467181467183,58.754826254826256,4.0,10.0,13.333333333333334,28.0,48.0,17.0,57.0,36.0,43.25,31.25,134.0,125.0,104.0,111.25,107.0,34.0,30.0,22.86833976833977,25.08262548262548,25.144208494208492,22.844353281853284,11.0,0.0,31.0,23.0,8.0,15.0,22.75,35.0,-0.8854560256532096,-0.4647231720437691,-1.0,-1.8369701987210297e-16,5
2019-09-08,15.0,28.5,294.0,97.0,21.0,15.0,35.0,27.1,4.0,43.0,48.0,20.75772200772201,61.27413127413127,23.717567567567567,59.24131274131275,4.0,10.0,0.0,40.0,66.0,15.0,26.0,43.0,35.0,31.0,97.0,134.0,125.0,117.25,112.875,33.0,34.0,21.203861003861,22.222586872586877,21.844787644787647,22.094063706563706,10.0,13.333333333333334,28.0,31.0,29.0,18.0,27.75,36.0,-0.9350162426854147,-0.3546048870425359,-1.0,-1.8369701987210297e-16,5
2019-09-15,30.0,30.5,224.0,111.0,29.0,15.0,22.25,28.5,4.0,56.99999999999999,48.0,21.88320463320463,64.47297297297298,18.683783783783785,61.27413127413127,4.0,10.0,0.0,37.0,35.0,15.0,88.0,42.0,22.25,31.0,111.0,97.0,134.0,115.0,112.25,21.0,33.0,22.081467181467183,22.86833976833977,20.413513513513514,22.46780888030888,10.0,0.0,40.0,28.0,23.0,9.0,30.5,37.0,-0.970941817426052,-0.23931566428755774,-1.0,-1.8369701987210297e-16,5
2019-09-22,26.0,21.0,181.0,74.0,32.0,30.0,21.0,30.5,4.0,56.99999999999999,48.0,25.14420849420849,65.52316602316603,18.367953667953667,64.47297297297298,4.0,10.0,0.0,57.0,24.0,30.0,74.0,47.0,21.0,32.875,74.0,111.0,97.0,116.75,110.5,29.0,21.0,23.717567567567567,21.203861003861,21.882046332046333,21.421669884169884,10.0,0.0,37.0,40.0,31.0,10.0,34.0,38.0,-0.992708874098054,-0.12053668025532357,-1.0,-1.8369701987210297e-16,5
2019-09-29,40.41666667,23.1,159.0,81.0,17.0,26.0,21.5,21.0,4.0,56.99999999999999,48.0,21.844787644787647,76.15250965250966,16.4484555984556,65.52316602316603,4.0,10.0,0.0,191.0,15.0,48.0,53.0,67.0,21.5,32.375,81.0,74.0,111.0,104.0,107.625,32.0,29.0,18.683783783783785,22.081467181467183,25.08262548262548,20.71269305019305,10.0,0.0,57.0,37.0,28.0,8.0,40.5,39.0,-1.0,-1.8369701987210297e-16,-1.0,-1.8369701987210297e-16,5
2019-10-06,30.0,12.13,107.0,98.0,68.0,40.41666667,27.8541666675,23.1,4.0,56.99999999999999,48.0,20.413513513513514,73.65637065637065,16.873552123552123,76.15250965250966,11.0,14.000000000000002,19.666666666666668,321.0,15.0,66.0,51.0,63.0,27.8541666675,31.42708333375,98.0,81.0,74.0,90.75,104.0,17.0,32.0,18.367953667953667,23.717567567567567,22.222586872586877,19.304440154440154,10.0,0.0,191.0,57.0,40.0,29.0,81.25,40.0,-0.992708874098054,0.1205366802553232,-0.8660254037844386,0.5000000000000001,5
2019-10-13,12.0,1.0,100.0,144.0,56.0,30.0,31.6041666675,12.13,11.0,56.99999999999999,48.0,21.882046332046333,73.8880308880309,14.386679536679535,73.65637065637065,11.0,14.000000000000002,0.0,428.0,30.0,35.0,42.0,56.0,31.6041666675,26.927083333749998,144.0,98.0,81.0,91.0,103.0,68.0,17.0,16.4484555984556,18.683783783783785,22.86833976833977,17.593436293436294,14.000000000000002,19.666666666666668,321.0,191.0,37.0,23.0,151.5,41.0,-0.9709418174260521,0.23931566428755738,-0.8660254037844386,0.5000000000000001,5
